name,website,X,Facebook
"Allen, Rick",https://allen.house.gov,https://x.com/RepRickAllen,https://www.facebook.com/CongressmanRickAllen
"Amo, Gabe",https://amo.house.gov,https://x.com/RepGabeAmo,https://www.facebook.com/profile.php?id=61553581414066
"Auchincloss, Jake",https://auchincloss.house.gov,https://twitter.com/RepAuchincloss,https://www.facebook.com/RepAuchincloss
"Ansari, Yassamin",https://ansari.house.gov/,https://x.com/RepYassAnsari,https://www.facebook.com/repyassansari/
"Aderholt, Robert",https://aderholt.house.gov/,,http://www.facebook.com/RobertAderholt
"Amodei, Mark",https://amodei.house.gov,http://twitter.com/markamodeinv2,https://www.facebook.com/MarkAmodeiNV2
"Adams, Alma",https://adams.house.gov,https://x.com/RepAdams,http://www.facebook.com/CongresswomanAdams
"Aguilar, Pete",https://aguilar.house.gov/,http://twitter.com/RepPeteAguilar,http://www.facebook.com/RepPeteAguilar/
"Arrington, Jodey",https://arrington.house.gov,https://twitter.com/reparrington?lang=en,https://www.facebook.com/RepJodeyArrington/
"Bacon, Don",https://bacon.house.gov,https://twitter.com/RepDonBacon,https://www.facebook.com/RepDonBacon
"Balderson, Troy",https://balderson.house.gov,https://twitter.com/RepBalderson,https://www.facebook.com/RepTroyBalderson/
"Baird, James",https://baird.house.gov/,https://twitter.com/repjimbaird,https://www.facebook.com/RepJimBaird/
"Babin, Brian",https://babin.house.gov,https://twitter.com/RepBrianBabin,https://www.facebook.com/RepBrianBabin
"Barragan, Nanette",https://barragan.house.gov,http://twitter.com/repbarragan,https://www.facebook.com/CongresswomanBarragan
"Barr, Andy",https://barr.house.gov/,https://www.twitter.com/RepAndyBarr,http://www.facebook.com/RepAndyBarr
"Balint, Becca",https://balint.house.gov,https://twitter.com/repbeccab,https://facebook.com/repbeccab
"Baumgartner, Michael",https://baumgartner.house.gov/,https://twitter.com/repbaumgartner,https://www.facebook.com/RepBaumgartner
"Bean, Aaron",https://bean.house.gov,https://twitter.com/RepAaronBean,https://www.facebook.com/people/Congressman-Aaron-Bean/100089355874563/
"Barrett, Tom",https://barrett.house.gov/,https://twitter.com/reptombarrett,https://www.facebook.com/RepTomBarrett/
"Beatty, Joyce",https://beatty.house.gov,https://twitter.com/RepBeatty,http://www.facebook.com/pages/Joyce-Beatty/656884781042633
"Bera, Ami",https://bera.house.gov,https://x.com/repbera,https://www.facebook.com/RepAmiBera/
"Begich, Nicholas",https://begich.house.gov/,https://twitter.com/repnickbegich,https://www.facebook.com/RepNickBegich
"Beyer, Donald",https://beyer.house.gov,http://twitter.com/RepDonBeyer,http://www.facebook.com/RepDonBeyer
"Bentz, Cliff",https://bentz.house.gov,https://twitter.com/RepBentz,https://www.facebook.com/RepBentz
"Bell, Wesley",https://bell.house.gov/,,https://www.facebook.com/profile.php?id=61571538239904
"Bice, Stephanie",https://bice.house.gov,https://twitter.com/RepBice,https://www.facebook.com/RepStephanieBice
"Bergman, Jack",https://bergman.house.gov,https://x.com/RepJackBergman,https://facebook.com/RepJackBergman
"Biggs, Andy",https://biggs.house.gov,,
"Bishop, Sanford",https://bishop.house.gov/,,
"Bonamici, Suzanne",https://bonamici.house.gov,,http://www.facebook.com/CongresswomanBonamici
"Boebert, Lauren",https://boebert.house.gov,https://twitter.com/RepBoebert,https://www.facebook.com/HouseRepublicans/
"Bilirakis, Gus",https://bilirakis.house.gov/,https://twitter.com/repgusbilirakis,http://www.facebook.com/gusbilirakis/
"Biggs, Sheri",https://sheribiggs.house.gov/,https://twitter.com/repsheribiggs,https://www.facebook.com/RepSheriBiggs/
"Boyle, Brendan",https://boyle.house.gov/,https://x.com/CongBoyle,https://facebook.com/CongressmanBoyle
"Bost, Mike",https://bost.house.gov/,http://www.twitter.com/RepBost,http://www.facebook.com/RepBost/
"Brecheen, Josh",https://brecheen.house.gov,https://x.com/repbrecheen,https://www.facebook.com/profile.php?id=100089040632497
"Bresnahan, Robert",https://bresnahan.house.gov/,https://twitter.com/RepBresnahan,https://www.facebook.com/RepBresnahan/
"Brown, Shontel",https://shontelbrown.house.gov,https://twitter.com/RepShontelBrown,https://www.facebook.com/RepShontelBrown
"Buchanan, Vern",https://buchanan.house.gov/,https://twitter.com/VernBuchanan,https://www.facebook.com/CongressmanBuchanan/
"Burlison, Eric",https://burlison.house.gov,https://x.com/RepEricBurlison,https://www.facebook.com/profile.php?id=100089208900263
"Burchett, Tim",https://burchett.house.gov,https://x.com/RepTimBurchett,https://www.facebook.com/RepTimBurchett/
"Budzinski, Nikki",https://budzinski.house.gov,https://twitter.com/RepNikkiB,https://www.facebook.com/RepNikkiBudzinski
"Alford, Mark",https://alford.house.gov,https://twitter.com/RepMarkAlford,https://facebook.com/profile.php?id=100089595940547/
"Brownley, Julia",https://juliabrownley.house.gov,https://twitter.com/RepBrownley,http://www.facebook.com/RepBrownley
"Bynum, Janelle",https://bynum.house.gov/,https://twitter.com/RepBynum,https://www.facebook.com/repbynum/
"Carbajal, Salud",https://carbajal.house.gov,https://twitter.com/repcarbajal,https://www.facebook.com/repsaludcarbajal
"Calvert, Ken",https://calvert.house.gov/,https://x.com/KenCalvert,http://www.facebook.com/RepKenCalvert
"Carter, Earl",https://buddycarter.house.gov/,https://twitter.com/@repBuddyCarter,https://www.facebook.com/CongressmanBuddyCarter/
"Cammack, Kat",https://cammack.house.gov,https://twitter.com/RepKatCammack,https://www.facebook.com/RepKatCammack
"Carson, Andre",https://carson.house.gov/,,
"Carter, Troy",https://troycarter.house.gov,https://twitter.com/RepTroyCarter,https://www.facebook.com/RepTroyCarter
"Carey, Mike",https://carey.house.gov,https://x.com/RepMikeCarey,https://www.facebook.com/RepMikeCarey
"Carter, John",https://carter.house.gov/,https://twitter.com/JudgeCarter,https://www.facebook.com/judgecarter/
"Casar, Greg",https://casar.house.gov,https://twitter.com/RepCasar,https://www.facebook.com/RepCasar
"Case, Ed",https://case.house.gov/,https://twitter.com/repedcase,https://www.facebook.com/RepEdCase
"Castor, Kathy",https://castor.house.gov/,https://twitter.com/USRepKCastor,https://www.facebook.com/USRepKathyCastor
"Cisneros, Gilbert",https://cisneros.house.gov/,https://twitter.com/RepGilCisneros,https://www.facebook.com/RepGilCisneros
"Ciscomani, Juan",https://ciscomani.house.gov,https://twitter.com/RepCiscomani,https://www.facebook.com/profile.php?id=100089186535085
"Castro, Joaquin",https://castro.house.gov,https://x.com/JoaquinCastrotx,https://www.facebook.com/JoaquinCastroTX/
"Casten, Sean",https://casten.house.gov,https://twitter.com/RepCasten,https://www.facebook.com/RepSeanCasten/
"Chu, Judy",https://chu.house.gov/,https://twitter.com/RepJudyChu,http://www.facebook.com/RepJudyChu
"Cherfilus-McCormick, Sheila",https://cherfilus-mccormick.house.gov/,,https://www.facebook.com/congresswomanSCM/
"Clark, Katherine",https://katherineclark.house.gov/index.cfm/home,http://twitter.com/WhipKClark,https://www.facebook.com/RepKClark/?eid=ARCEKFQepw5P5m8HUvqXTC9_islvdBosm2J7AnNVOWUNYE6D6Pm6FD1GPorFvNANsZbYhsz0lLRuqVT4
"Clarke, Yvette",https://clarke.house.gov/,https://x.com/repyvetteclarke?lang=en,https://www.facebook.com/repyvetteclarke/
"Cleaver, Emanuel",https://cleaver.house.gov,https://twitter.com/repcleaver,https://www.facebook.com/gop
"Cline, Ben",https://cline.house.gov,https://twitter.com/RepBenCline,https://www.facebook.com/RepBenCline/
"Collins, Mike",https://collins.house.gov,https://twitter.com/RepMikeCollins,https://www.facebook.com/RepMikeCollinsGA/
"Cohen, Steve",https://cohen.house.gov/,http://twitter.com/repcohen,https://www.facebook.com/CongressmanSteveCohen/videos/976346680516661/
"Clyde, Andrew",https://clyde.house.gov,https://twitter.com/Rep_Clyde,https://www.facebook.com/RepresentativeClyde
"Clyburn, James",https://clyburn.house.gov/,https://x.com/RepJamesClyburn,https://www.facebook.com/RepJamesClyburn
"Comer, James",https://comer.house.gov/,http://twitter.com/RepJamesComer,http://www.facebook.com/congressmancomer
"Cole, Tom",https://cole.house.gov,,https://www.facebook.com/TomColeOK04
"Cloud, Michael",https://cloud.house.gov,https://x.com/RepMichaelCloud,https://www.facebook.com/RepMichaelCloud
"Conaway, Herbert",https://conaway.house.gov/,https://twitter.com/RepHerbConaway,https://www.facebook.com/Repherbconaway
"Correa, J.",https://correa.house.gov,https://twitter.com/reploucorrea,https://www.facebook.com/RepLouCorrea/
"Crenshaw, Dan",https://crenshaw.house.gov/,https://twitter.com/RepDanCrenshaw,https://www.facebook.com/RepDanCrenshaw/
"Crockett, Jasmine",https://crockett.house.gov,https://twitter.com/RepJasmine,https://www.facebook.com/RepJasmine
"Costa, Jim",https://costa.house.gov/,https://twitter.com/repjimcosta,https://www.facebook.com/RepJimCosta/
"Crane, Elijah",https://crane.house.gov,https://x.com/RepEliCrane,https://www.facebook.com/profile.php?id=100088851021670
"Craig, Angie",https://craig.house.gov,https://twitter.com/repangiecraig,https://www.facebook.com/RepAngieCraig
"Courtney, Joe",https://courtney.house.gov/,https://twitter.com/repjoecourtney/,//courtney.house.gov/%20https%3A//www.facebook.com/repjoecourtney
"Crow, Jason",https://crow.house.gov/,https://twitter.com/RepJasonCrow,http://www.facebook.com/RepJasonCrow
"Cuellar, Henry",https://cuellar.house.gov/,https://twitter.com/RepCuellar,https://facebook.com/RepCuellar
"Crank, Jeff",https://crank.house.gov/,https://twitter.com/RepJeffCrank,https://www.facebook.com/RepJeffCrank/
"Davidson, Warren",https://davidson.house.gov/,https://x.com/Rep_Davidson,http://www.facebook.com/CongressmanWarrenDavidson
"Davids, Sharice",https://davids.house.gov/,,
"Crawford, Eric",https://crawford.house.gov/,https://twitter.com/reprickcrawford,
"Dean, Madeleine",https://dean.house.gov,https://twitter.com/RepDean,https://www.facebook.com/RepMadeleineDean/
"Davis, Donald",https://dondavis.house.gov,https://twitter.com/RepDonDavis,https://www.facebook.com/RepDonDavis/
"Davis, Danny",https://davis.house.gov,https://twitter.com/RepDannyDavis,https://www.facebook.com/OfficialRepDannyDavis
"DeGette, Diana",https://degette.house.gov,,https://www.facebook.com/RepDianaDeGette/
"DeLauro, Rosa",https://delauro.house.gov/,https://twitter.com/@rosadelauro,http://www.facebook.com/CongresswomanRosaDeLauro
"DelBene, Suzan",https://delbene.house.gov,https://twitter.com/RepDelBene,https://www.facebook.com/RepDelBene
"De La Cruz, Monica",https://delacruz.house.gov,https://twitter.com/RepMonicaDLC,https://facebook.com/RepMonicaDLC
"DesJarlais, Scott",https://desjarlais.house.gov/,,https://www.facebook.com/ScottDesJarlaisTN04
"Deluzio, Christopher",https://deluzio.house.gov,https://twitter.com/RepDeluzio,https://www.facebook.com/RepChrisDeluzio/
"Diaz-Balart, Mario",https://mariodiazbalart.house.gov/,https://twitter.com/mariodb,
"DeSaulnier, Mark",https://desaulnier.house.gov/,https://twitter.com/repdesaulnier,https://www.facebook.com/repmarkdesaulnier
"Doggett, Lloyd",https://doggett.house.gov,https://twitter.com/RepLloydDoggett,https://www.facebook.com/RepLloydDoggett
"Downing, Troy",https://downing.house.gov/,https://twitter.com/reptroydowning,https://www.facebook.com/reptroydowning/
"Dexter, Maxine",https://dexter.house.gov/,https://x.com/RepDexterOR,https://www.facebook.com/RepDexterOR/
"Donalds, Byron",https://donalds.house.gov,https://twitter.com/RepDonaldsPress,https://www.facebook.com/RepDonaldsPress/
"Dingell, Debbie",https://debbiedingell.house.gov/,http://twitter.com/RepDebDingell,http://www.facebook.com/RepDebbieDingell
"Edwards, Chuck",https://edwards.house.gov,https://www.dropbox.com/scl/fi/2q09e5bykk11k7wi1ormd/Rep.-Edwards-Letter-Shooting-Creek-Transmission-Project.pdf?rlkey=7qjm9ds5ys17hdzs358evdtgk&st=kz15h9ru&dl=0,https://www.facebook.com/RepChuckEdwards/
"Dunn, Neal",https://dunn.house.gov,https://x.com/drnealdunnfl2,https://www.facebook.com/DrNealDunnFL2/
"Elfreth, Sarah",https://elfreth.house.gov/,https://twitter.com/repsarahelfreth,https://www.facebook.com/RepSarahElfreth/posts/pfbid0S4RWD7QqbHVvbhZnjL8tprtFdheJb5WnthFqsvSTMG3o9yM4sDu8DkeRWBbLoCnVl
"Emmer, Tom",https://emmer.house.gov/,https://twitter.com/GOPMajorityWhip,https://www.facebook.com/reptomemmer
"Espaillat, Adriano",https://espaillat.house.gov,http://twitter.com/RepEspaillat,http://www.facebook.com/RepEspaillat/
"Ellzey, Jake",https://ellzey.house.gov/,https://twitter.com/RepEllzey,https://www.facebook.com/RepJakeEllzey
"Escobar, Veronica",https://escobar.house.gov,https://twitter.com/RepEscobar,https://www.facebook.com/RepEscobar
"Estes, Ron",https://estes.house.gov/,https://twitter.com/RepRonEstes,https://www.facebook.com/RepRonEstes
"Evans, Gabe",https://gabeevans.house.gov/,https://twitter.com/repgabeevans,https://www.facebook.com/RepGabeEvans/
"Evans, Dwight",https://evans.house.gov/,https://x.com/RepDwightEvans,http://www.facebook.com/RepDwightEvans
"Ezell, Mike",https://ezell.house.gov,https://twitter.com/repezell,https://facebook.com/repezell
"Fallon, Pat",https://fallon.house.gov,https://twitter.com/RepPatFallon,https://facebook.com/RepPatFallon
"Feenstra, Randy",https://feenstra.house.gov,https://twitter.com/repfeenstra,https://www.facebook.com/repfeenstra/
"Finstad, Brad",https://finstad.house.gov/,https://twitter.com/RepFinstad,https://www.facebook.com/RepFinstad/
"Fedorchak, Julie",https://fedorchak.house.gov/,https://x.com/RepFedorchak,https://www.facebook.com/RepJulieFedorchak
"Fleischmann, Charles",https://fleischmann.house.gov/,https://twitter.com/repchuck,https://www.facebook.com/repchuck
"Fields, Cleo",https://fields.house.gov/,,https://www.facebook.com/61569937980769/
"Fitzpatrick, Brian",https://fitzpatrick.house.gov/,http://www.twitter.com/repbrianfitz,https://www.facebook.com/RepBrianFitz/
"Figures, Shomari",https://figures.house.gov/,https://twitter.com/repscfigures,https://www.facebook.com/61571773900898/
"Fine, Randy",https://fine.house.gov/,https://x.com/RepFine,https://www.facebook.com/RepFine/
"Fitzgerald, Scott",https://fitzgerald.house.gov,hhttps://twitter.com/RepFitzgerald,https://www.facebook.com/repaoc
"Fischbach, Michelle",https://fischbach.house.gov,https://twitter.com/RepFischbach,https://www.facebook.com/repfischbach
"Fletcher, Lizzie",https://fletcher.house.gov,https://twitter.com/RepFletcher,https://www.facebook.com/RepFletcher/
"Flood, Mike",https://flood.house.gov/,https://twitter.com/USRepMikeFlood,https://www.facebook.com/Congressman-Mike-Flood-101986952582058
"Foushee, Valerie",https://foushee.house.gov,https://twitter.com/ValerieFoushee,https://www.facebook.com/RepValerieFoushee/
"Fong, Vince",https://fong.house.gov/,,https://m.facebook.com/61561001941153/
"Foxx, Virginia",https://foxx.house.gov/,https://twitter.com/virginiafoxx,https://www.facebook.com/RepVirginiaFoxx
"Friedman, Laura",https://friedman.house.gov/,https://twitter.com/RepFriedmanCA,https://www.facebook.com/RepLauraFriedman/
"Frankel, Lois",https://frankel.house.gov,https://twitter.com/RepLoisFrankel,https://www.facebook.com/RepLoisFrankel
"Frost, Maxwell",https://frost.house.gov,https://twitter.com/RepMaxwellFrost,https://www.facebook.com/RepMaxwellFrost
"Foster, Bill",https://foster.house.gov,http://twitter.com/RepBillFoster,http://www.facebook.com/CongressmanBillFoster
"Franklin, Scott",https://franklin.house.gov,http://www.twitter.com/RepFranklin,http://www.facebook.com/RepFranklin
"Garamendi, John",https://garamendi.house.gov/,https://x.com/RepGaramendi,http://www.facebook.com/repgaramendi
"Fulcher, Russ",https://fulcher.house.gov/,https://x.com/RepRussFulcher,https://www.facebook.com/RepRussFulcher
"Garcia, Sylvia",https://sylviagarcia.house.gov/,https://x.com/repsylviagarcia,https://www.facebook.com/RepSylviaGarcia
"Fry, Russell",https://fry.house.gov,https://twitter.com/reprussellfry,https://www.facebook.com/reprussellfry
"Garcia, Jesus",https://chuygarcia.house.gov/,https://twitter.com/RepChuyGarcia,https://www.facebook.com/RepChuyGarcia
"Garbarino, Andrew",https://garbarino.house.gov,https://twitter.com/RepGarbarino,https://www.facebook.com/RepAndrewGarbarino/
"Gillen, Laura",https://gillen.house.gov/,https://twitter.com/RepLauraGillen,https://www.facebook.com/replauragillen/
"Garcia, Robert",https://robertgarcia.house.gov,https://twitter.com/RepRobertGarcia,https://facebook.com/reprobertgarcia/
"Gill, Brandon",https://gill.house.gov/,https://twitter.com/repbrandongill,https://www.facebook.com/RepBrandonGill/
"Golden, Jared",https://golden.house.gov,,
"Gonzalez, Vicente",https://gonzalez.house.gov,https://twitter.com/RepGonzalez,https://www.facebook.com/RepVicenteGonzalez/
"Gimenez, Carlos",https://gimenez.house.gov,https://twitter.com/RepCarlos,https://www.facebook.com/RepCarlosGimenez/
"Gomez, Jimmy",https://gomez.house.gov/,https://twitter.com/RepJimmyGomez,https://www.facebook.com/RepJimmyGomez
"Goldman, Daniel",https://goldman.house.gov,https://twitter.com/RepDanGoldman,https://www.facebook.com/RepDanGoldman
"Gonzales, Tony",https://gonzales.house.gov,https://twitter.com/RepTonyGonzales,https://www.facebook.com/RepTonyGonzales/
"Goodlander, Maggie",https://goodlander.house.gov/,https://x.com/repgoodlander,https://www.facebook.com/RepGoodlander
"Gottheimer, Josh",https://gottheimer.house.gov,https://twitter.com/RepJoshG,https://www.facebook.com/RepJoshG
"Gooden, Lance",https://gooden.house.gov,,
"Gosar, Paul",https://gosar.house.gov/,https://twitter.com/RepGosar,https://facebook.com/RepGosar
"Green, Al",https://algreen.house.gov,https://x.com/RepAlGreen,https://www.facebook.com/RepAlGreen
"Gray, Adam",https://gray.house.gov/,https://twitter.com/RepAdamGrayCA,https://www.facebook.com/repadamgrayca
"Graves, Sam",https://graves.house.gov/,https://twitter.com/RepSamGraves,https://www.facebook.com/RepSamGraves/
"Greene, Marjorie Taylor",https://clerk.house.gov/members/GA14/vacancy,,
"Griffith, H.",https://morgangriffith.house.gov/,https://twitter.com/RepMGriffith,https://www.facebook.com/RepMorganGriffith
"Grijalva, Adelita",https://grijalva.house.gov/,https://x.com/rep_grijalva,https://www.facebook.com/repadelitasgrijalva
"Guthrie, Brett",https://guthrie.house.gov/,https://twitter.com/repguthrie,https://www.facebook.com/CongressmanGuthrie/
"Grothman, Glenn",https://grothman.house.gov,https://twitter.com/REPGROTHMAN,https://www.facebook.com/REPGROTHMAN
"Guest, Michael",https://guest.house.gov,https://twitter.com/RepMichaelGuest,https://www.facebook.com/RepMichaelGuest
"Hageman, Harriet",https://hageman.house.gov,https://x.com/caohouse,https://www.facebook.com/RepHageman/
"Harris, Mark",https://markharris.house.gov/,https://twitter.com/RepMarkHarrisNC,https://www.facebook.com/RepMarkHarris
"Harder, Josh",https://harder.house.gov/,,
"Harris, Andy",https://harris.house.gov/,http://twitter.com/repandyharrismd,http://www.facebook.com/AndyHarrisMD
"Harrigan, Pat",https://harrigan.house.gov/,https://www.newsmax.com/Newsmax-Tv/pat-harrigan-donald-trump-iran/2026/03/03/id/1248096/,https://www.facebook.com/RepPatHarrigan
"Harshbarger, Diana",https://harshbarger.house.gov,https://twitter.com/RepHarshbarger,https://www.facebook.com/RepDianaHarshbarger/
"Goldman, Craig",https://craiggoldman.house.gov/,https://x.com/RepCraigGoldman,https://www.facebook.com/61571449239416
"Haridopolos, Mike",https://haridopolos.house.gov/,https://twitter.com/repharidopolos,https://www.facebook.com/profile.php?id=61571722240997
"Hayes, Jahana",https://hayes.house.gov,https://twitter.com/RepJahanaHayes,https://www.facebook.com/RepJahanaHayes
"Hern, Kevin",https://hern.house.gov,https://twitter.com/repkevinhern,https://www.facebook.com/repkevinhern/
"Hill, J.",https://hill.house.gov/,https://twitter.com/repfrenchhill,https://www.facebook.com/repfrenchhill
"Hernandez, Pablo",https://hernandez.house.gov/,,https://www.facebook.com/61569891687422/
"Himes, James",https://himes.house.gov/,https://twitter.com/jahimes,https://www.facebook.com/RepJimHimes
"Houlahan, Chrissy",https://houlahan.house.gov/,https://twitter.com/rephoulahan,https://www.facebook.com/RepChrissyHoulahan/
"Horsford, Steven",https://horsford.house.gov,https://twitter.com/RepHorsford?ref_src=twsrc%5Etfw,https://www.facebook.com/RepHorsford
"Hinson, Ashley",https://hinson.house.gov,https://twitter.com/RepAshleyHinson,https://www.facebook.com/RepAshleyHinson
"Higgins, Clay",https://clayhiggins.house.gov,https://twitter.com/RepClayHiggins,https://www.facebook.com/CongressmanClayHiggins/
"Houchin, Erin",https://houchin.house.gov,https://twitter.com/RepHouchin,https://www.facebook.com/RepHouchin
"Hoyer, Steny",https://hoyer.house.gov/,https://x.com/RepStenyHoyer,
"Hudson, Richard",https://hudson.house.gov,https://twitter.com/RepRichHudson,
"Hoyle, Val",https://hoyle.house.gov,https://twitter.com/RepValHoyle,https://www.facebook.com/repvalhoyle/
"Huffman, Jared",https://huffman.house.gov,https://twitter.com/RepHuffman,https://www.facebook.com/RepHuffman
"Hurd, Jeff",https://hurd.house.gov/,https://twitter.com/RepJeffHurd,https://www.facebook.com/61571570223582
"Huizenga, Bill",https://huizenga.house.gov/,https://x.com/RepHuizenga,https://facebook.com/RepHuizenga
"Jack, Brian",https://jack.house.gov/,https://twitter.com/RepBrianJack,https://www.facebook.com/RepBrianJack
"Hunt, Wesley",https://hunt.house.gov,,https://facebook.com/RepWesleyHunt/
"Issa, Darrell",https://issa.house.gov,https://twitter.com/repdarrellissa,https://www.facebook.com/congressmandarrellissa
"Jackson, Ronny",https://jackson.house.gov,https://twitter.com/RepRonnyJackson,https://www.facebook.com/RepRonnyJackson/
"Ivey, Glenn",https://ivey.house.gov,https://x.com/RepGlennIvey,https://www.facebook.com/RepGlennIvey
"Jacobs, Sara",https://sarajacobs.house.gov,https://twitter.com/Repsarajacobs,https://www.facebook.com/RepSaraJacobs/
"Jackson, Jonathan",https://jonathanjackson.house.gov,,https://www.facebook.com/watch/live/?ref=watch_permalink&v=1153617426274280&rdid=Zg4dlsngaa1Hzi7e
"Jayapal, Pramila",https://jayapal.house.gov,http://www.twitter.com/RepJayapal/,http://www.facebook.com/RepJayapal/
"James, John",https://james.house.gov,https://x.com/RepJames,https://www.facebook.com/RepJohnJames
"Jeffries, Hakeem",https://jeffries.house.gov,https://twitter.com/RepJeffries,https://www.facebook.com/RepJeffries/
"Johnson, Dusty",https://dustyjohnson.house.gov/,https://twitter.com/RepDustyJohnson,
"Johnson, Mike",https://mikejohnson.house.gov,https://twitter.com/SpeakerJohnson,https://www.facebook.com/SpeakerJohnson
"Johnson, Henry",https://hankjohnson.house.gov/,https://twitter.com/RepHankJohnson?ref_src=twsrc%5Etfw,https://www.facebook.com/RepHankJohnson/
"Jordan, Jim",https://jordan.house.gov/,https://twitter.com/jim_jordan,https://www.facebook.com/repjimjordan/photos_albums
"Kaptur, Marcy",https://kaptur.house.gov/,http://twitter.com/RepMarcyKaptur,http://www.facebook.com/RepMarcyKaptur
"Hamadeh, Abraham",https://hamadeh.house.gov/,,
"Johnson, Julie",https://juliejohnson.house.gov/,https://twitter.com/RepJulieJohnson,https://www.facebook.com/profile.php?id=61569064997067
"Kamlager-Dove, Sydney",https://kamlager-dove.house.gov,https://x.com/RepKamlagerDove,https://www.facebook.com/RepKamlagerDove/
"Joyce, David",https://joyce.house.gov,https://twitter.com/RepDaveJoyce,https://www.facebook.com/RepDaveJoyce
"Kean, Thomas",https://kean.house.gov,https://twitter.com/congressmankean,https://www.facebook.com/CongressmanKean/posts/pfbid02551mfMADRYYe4K26Dx8adywjeWvk5dFcLxEe3tXbcSyuP7VgBPLJZvWhPzS9rXFbl
"Kelly, Robin",https://robinkelly.house.gov/,https://twitter.com/reprobinkelly,https://www.facebook.com/reprobinkelly
"Keating, William",https://keating.house.gov/,https://twitter.com/USRepKeating,https://www.facebook.com/gop
"Kennedy, Timothy",https://kennedy.house.gov,https://twitter.com/reptimkennedy,https://facebook.com/reptimkennedy
"Kiggans, Jennifer",https://kiggans.house.gov,https://twitter.com/RepJenKiggans,https://www.facebook.com/repjenkiggans
"Kelly, Mike",https://kelly.house.gov,https://twitter.com/MikeKellyPA,https://www.facebook.com/MikeKellyPA
"Kennedy, Mike",https://mikekennedy.house.gov/,https://x.com/repmikekennedy,https://www.facebook.com/RepMikeKennedy/
"Kelly, Trent",https://trentkelly.house.gov/,https://www.twitter.com/reptrentkelly,https://facebook.com/reptrentkelly
"Khanna, Ro",https://khanna.house.gov,http://twitter.com/RepRoKhanna,http://www.facebook.com/RepRoKhanna
"Kim, Young",https://youngkim.house.gov,https://twitter.com/RepYoungKim,https://www.facebook.com/RepYoungKim
"Kiley, Kevin",https://kiley.house.gov,https://twitter.com/RepKiley,https://www.facebook.com/profile.php?id=100089382125341
"King-Hinds, Kimberlyn",https://king-hinds.house.gov/,https://twitter.com/RepKimKingHinds,https://www.facebook.com/profile.php?id=61571529818077
"Krishnamoorthi, Raja",https://krishnamoorthi.house.gov,http://twitter.com/congressmanraja,http://www.facebook.com/congressmanraja
"Kustoff, David",https://kustoff.house.gov,http://twitter.com/repdavidkustoff,http://www.facebook.com/RepDavidKustoff/
"Knott, Brad",https://knott.house.gov/,https://twitter.com/RepKnott,https://www.facebook.com/profile.php?id=61571474013264
"Langworthy, Nicholas",https://langworthy.house.gov,https://twitter.com/RepLangworthy,https://www.facebook.com/RepLangworthy/
"LaLota, Nick",https://lalota.house.gov,https://x.com/replalota,https://www.facebook.com/replalota
"LaMalfa, Doug",https://lamalfa.house.gov,,
"Larsen, Rick",https://larsen.house.gov,,https://www.facebook.com/RepRickLarsen
"Landsman, Greg",https://landsman.house.gov,https://twitter.com/repgreglandsman,https://www.facebook.com/RepGregLandsman
"LaHood, Darin",https://lahood.house.gov/,https://twitter.com/RepLaHood,https://www.facebook.com/replahood/
"Larson, John",https://larson.house.gov/,,http://www.facebook.com/RepJohnLarson/
"Lee, Summer",https://summerlee.house.gov,https://twitter.com/RepSummerLee,https://www.facebook.com/RepSummerLee/
"Lee, Laurel",https://laurellee.house.gov,https://twitter.com/RepLaurelLee,https://www.facebook.com/RepLaurelLee/
"Lawler, Michael",https://lawler.house.gov,https://twitter.com/RepMikeLawler,https://facebook.com/RepMikeLawler
"Latta, Robert",https://latta.house.gov/,https://twitter.com/boblatta,https://www.facebook.com/boblatta/
"Letlow, Julia",https://letlow.house.gov,https://twitter.com/repjulialetlow,https://www.facebook.com/repjulialetlow
"Leger Fernandez, Teresa",https://fernandez.house.gov,https://x.com/RepTeresaLF,https://www.facebook.com/RepTeresaLF/
"Latimer, George",https://latimer.house.gov/,https://twitter.com/RepGLatimer,https://facebook.com/profile.php?id=61571201977917
"Levin, Mike",https://levin.house.gov/,//twitter.com/RepMikeLevin,https://www.facebook.com/RepMikeLevin
"Lee, Susie",https://susielee.house.gov,,http://www.facebook.com/RepSusieLee
"Joyce, John",https://johnjoyce.house.gov/,,
"Liccardo, Sam",https://liccardo.house.gov/,https://x.com/repliccardo,//liccardo.house.gov/facebook.com/repliccardo
"Lofgren, Zoe",https://lofgren.house.gov/,,https://www.facebook.com/zoelofgren
"Luttrell, Morgan",https://luttrell.house.gov,https://mobile.twitter.com/RepLuttrell,https://www.facebook.com/profile.php?id=100089328790942
"Lucas, Frank",https://lucas.house.gov,https://twitter.com/repfranklucas,https://www.facebook.com/RepFrankLucas
"Lieu, Ted",https://lieu.house.gov/,,http://www.facebook.com/RepTedLieu
"Luna, Anna Paulina",https://luna.house.gov,https://x.com/RepLuna,
"Lynch, Stephen",https://lynch.house.gov/,https://twitter.com/RepStephenLynch,https://www.facebook.com/repstephenlynch
"Mace, Nancy",https://mace.house.gov,https://twitter.com/RepNancyMace,https://www.facebook.com/RepNancyMace
"Malliotakis, Nicole",https://malliotakis.house.gov,https://twitter.com/RepNicole?ref_src=twsrc%5Etfw,https://www.facebook.com/RepNicole
"Maloy, Celeste",https://maloy.house.gov,https://x.com/RepMaloyUtah,https://www.facebook.com/profile.php?id=61555755717517
"Magaziner, Seth",https://magaziner.house.gov,https://twitter.com/Rep_Magaziner,https://www.facebook.com/repsethmagaziner
"Mackenzie, Ryan",https://mackenzie.house.gov/,https://twitter.com/RepMackenzie/,https://www.facebook.com/repmackenzie
"Mann, Tracey",https://mann.house.gov,,https://www.facebook.com/Congressman-Tracey-Mann-105522931489227
"Matsui, Doris",https://matsui.house.gov,https://twitter.com/dorismatsui,https://www.facebook.com/doris.matsui
"Massie, Thomas",https://massie.house.gov,https://twitter.com/RepThomasMassie,https://www.facebook.com/RepThomasMassie
"Mast, Brian",https://mast.house.gov,https://www.twitter.com/RepBrianMast,https://www.facebook.com/RepBrianMast
"Mannion, John",https://mannion.house.gov/,https://twitter.com/JohnMannionNY22,https://www.facebook.com/CongressmanJohnMannion
"Loudermilk, Barry",https://loudermilk.house.gov,https://x.com/reploudermilk,https://www.facebook.com/RepLoudermilk/
"McCaul, Michael",https://mccaul.house.gov,https://twitter.com/RepMcCaul,https://www.facebook.com/michaeltmccaul
"McBath, Lucy",https://mcbath.house.gov,https://twitter.com/RepLucyMcBath,https://www.facebook.com/RepLucyMcBath
"McBride, Sarah",https://mcbride.house.gov/,https://www.dropbox.com/scl/fi/ujawxgs2ghwdvfagczoi2/Rep.-Sarah-McBride-Year-One-FINAL-VERSION.pdf?rlkey=5dnwexw24t3d74rbae2y7tx9i&e=2&st=bsyv87se&dl=0,https://www.facebook.com/CongresswomanSarahMcBride/
"McClain, Lisa",https://mcclain.house.gov,https://twitter.com/RepLisaMcClain,https://www.facebook.com/RepLisaMcClain
"McClain Delaney, April",https://mcclaindelaney.house.gov/,https://x.com/RepAprilDelaney,https://www.facebook.com/RepAprilDelaney
"McCollum, Betty",https://mccollum.house.gov,http://twitter.com/BettyMcCollum04,http://www.facebook.com/repbettymccollum/
"McClellan, Jennifer",https://mcclellan.house.gov/,https://twitter.com/RepMcClellan,https://www.facebook.com/RepMcClellan/
"McDonald Rivet, Kristen",https://mcdonaldrivet.house.gov/,https://twitter.com/repkmr,https://www.facebook.com/repmcdonaldrivet/
"McCormick, Richard",https://mccormick.house.gov,,https://www.facebook.com/profile.php?id=100089135203690
"McClintock, Tom",https://mcclintock.house.gov/,http://twitter.com/RepMcClintock,http://www.facebook.com/pages/Congressman-Tom-McClintock/81125319109
"McDowell, Addison",https://mcdowell.house.gov/,https://x.com/caohouse,https://www.facebook.com/RepMcDowell
"McGarvey, Morgan",https://mcgarvey.house.gov,https://twitter.com/RepMcGarvey,https://www.facebook.com/RepMcGarvey
"McIver, LaMonica",https://mciver.house.gov/,https://twitter.com/RepLaMonica,https://www.facebook.com/RepLaMonica
"Meeks, Gregory",https://meeks.house.gov,https://twitter.com/repgregorymeeks,https://www.facebook.com/RepGregoryMeeks/
"McGovern, James",https://mcgovern.house.gov/,https://twitter.com/repmcgovern,https://www.facebook.com/RepJimMcGovern/
"McGuire, John",https://mcguire.house.gov/,https://twitter.com/RepJohnMcGuire,https://www.facebook.com/RepJohnMcGuire/
"Messmer, Mark",https://messmer.house.gov/,https://x.com/repmessmer,https://www.facebook.com/CongressmanMessmer
"Meuser, Daniel",https://meuser.house.gov,https://x.com/RepMeuser,https://www.facebook.com/RepMeuser
"Menefee, Christian",http://menefee.house.gov/,https://x.com/HouseDemocrats,https://www.facebook.com/HouseDemocrats/
"Menendez, Robert",https://menendez.house.gov,https://x.com/RepMenendez,https://www.facebook.com/repmenendez
"Miller, Mary",https://marymiller.house.gov,https://twitter.com/RepMaryMiller,https://www.facebook.com/RepMaryMiller
"Meng, Grace",https://meng.house.gov,https://twitter.com/RepGraceMeng,
"Mfume, Kweisi",https://mfume.house.gov/,https://twitter.com/RepKweisiMfume,https://www.facebook.com/RepKweisiMfume/
"Miller, Max",https://maxmiller.house.gov,http://www.twitter.com/repmaxmiller,https://www.facebook.com/CongressmanMaxMiller
"Moolenaar, John",https://moolenaar.house.gov/,,http://www.facebook.com/RepMoolenaar
"Miller, Carol",https://miller.house.gov/,https://twitter.com/RepCarolMiller,https://www.facebook.com/RepCarolMiller
"Miller-Meeks, Mariannette",https://millermeeks.house.gov/,https://x.com/RepMMM,https://www.facebook.com/houserepublicans
"Moore, Barry",https://barrymoore.house.gov,https://twitter.com/repbarrymoore,https://www.facebook.com/RepBarryMoore/
"Moore, Blake",https://blakemoore.house.gov,https://twitter.com/repblakemoore,https://www.facebook.com/RepBlakeMoore/
"Mills, Cory",https://mills.house.gov,https://twitter.com/RepMillsPress,https://www.facebook.com/profile.php?id=100089218152197
"Min, Dave",https://min.house.gov/,https://twitter.com/CongressMin,https://www.facebook.com/thecongressmin
"Moore, Riley",https://rileymoore.house.gov/,https://twitter.com/RepRileyMoore,https://www.facebook.com/HouseRepublicans
"Moore, Gwen",https://gwenmoore.house.gov,https://twitter.com/RepGwenMoore,https://www.facebook.com/GwenSMoore
"Moskowitz, Jared",https://moskowitz.house.gov,https://twitter.com/RepMoskowitz,https://www.facebook.com/RepMoskowitz
"Moore, Tim",https://timmoore.house.gov/,https://twitter.com/RepTimMooreNC,https://www.facebook.com/CongressmanTimMoore/
"Moran, Nathaniel",https://moran.house.gov,https://twitter.com/RepNateMoran,https://facebook.com/RepNateMoran
"Mrvan, Frank",https://mrvan.house.gov,https://twitter.com/RepMrvan,https://www.facebook.com/RepMrvan
"Morrison, Kelly",https://morrison.house.gov/,https://twitter.com/kellymorrisonmn,https://www.facebook.com/repkellymorrison/
"Moylan, James",https://moylan.house.gov,https://twitter.com/JMoylanforGuam,https://www.facebook.com/profile.php?id=100089324793869&mibextid=LQQJ4d
"Morelle, Joseph",https://morelle.house.gov,https://twitter.com/RepJoeMorelle,https://www.facebook.com/RepJoeMorelle
"Moulton, Seth",https://moulton.house.gov/,,
"Neal, Richard",https://neal.house.gov/,https://x.com/RepRichardNeal,https://www.facebook.com/reprichardneal
"Murphy, Gregory",https://murphy.house.gov,https://x.com/RepGregMurphy,https://facebook.com/RepGregMurphy
"Mullin, Kevin",https://kevinmullin.house.gov,https://twitter.com/RepKevinMullin,https://www.facebook.com/CongressmanKevinMullin
"Norton, Eleanor",https://norton.house.gov/,http://twitter.com/eleanornorton,"https://www.facebook.com/CongresswomanNorton>CongresswomanNorton</a></blockquote>
</div>"
"Nehls, Troy",https://nehls.house.gov,https://twitter.com/RepTroyNehls,https://www.facebook.com/RepTroyNehls
"Nadler, Jerrold",https://nadler.house.gov,https://twitter.com/RepJerryNadler,https://facebook.com/CongressmanNadler
"Neguse, Joe",https://neguse.house.gov/,https://twitter.com/RepJoeNeguse,https://www.facebook.com/RepJoeNeguse/
"Newhouse, Dan",https://newhouse.house.gov,https://twitter.com/RepNewhouse,https://www.facebook.com/RepNewhouse
"Ocasio-Cortez, Alexandria",https://ocasio-cortez.house.gov/,,https://www.facebook.com/repaoc
"Norman, Ralph",https://norman.house.gov,https://twitter.com/RepRalphNorman,https://www.facebook.com/RepRalphNorman/
"Norcross, Donald",https://norcross.house.gov,http://www.twitter.com/donaldnorcross,http://www.facebook.com/DonaldNorcrossNJ
"Obernolte, Jay",https://obernolte.house.gov,https://twitter.com/JayObernolte,https://www.facebook.com/JayObernolte
"Omar, Ilhan",https://omar.house.gov/,,
"Nunn, Zachary",https://nunn.house.gov,https://twitter.com/zachnunn,https://www.facebook.com/RepZachNunn/
"Ogles, Andrew",https://ogles.house.gov,https://twitter.com/repogles,https://www.facebook.com/RepAndyOgles/
"Onder, Robert",https://onder.house.gov/,https://twitter.com/RepBobOnder,https://www.facebook.com/RepBobOnder
"Panetta, Jimmy",https://panetta.house.gov,http://twitter.com/RepJimmyPanetta,http://www.facebook.com/RepJimmyPanetta/
"Palmer, Gary",https://palmer.house.gov/,https://twitter.com/USRepGaryPalmer,https://www.facebook.com/congressmangarypalmer
"Pappas, Chris",https://pappas.house.gov,,
"Olszewski, Johnny",https://olszewski.house.gov/,https://twitter.com/RepJohnnyO,
"Pallone, Frank",https://pallone.house.gov,http://twitter.com/frankpallone,http://www.facebook.com/repfrankpallone
"Owens, Burgess",https://owens.house.gov,https://twitter.com/RepBurgessOwens,https://www.facebook.com/CongressmanBurgessOwens/
"Patronis, Jimmy",https://patronis.house.gov/,https://twitter.com/patronisfl,https://www.facebook.com/profile.php?id=61577293801543
"Pelosi, Nancy",https://pelosi.house.gov/,http://twitter.com/speakerpelosi,
"Perez, Marie",https://gluesenkampperez.house.gov,https://twitter.com/repmgp,https://www.facebook.com/RepMGP/
"Pfluger, August",https://pfluger.house.gov,https://x.com/RepPfluger,https://www.facebook.com/RepAugustPfluger
"Pettersen, Brittany",https://pettersen.house.gov,https://twitter.com/reppettersen,https://facebook.com/repbrittanypettersen
"Peters, Scott",https://scottpeters.house.gov,https://twitter.com/RepScottPeters,https://www.facebook.com/RepScottPeters/
"Perry, Scott",https://perry.house.gov/,https://twitter.com/repscottperry,https://facebook.com/repscottperry
"Pingree, Chellie",https://pingree.house.gov/,https://twitter.com/chelliepingree,https://www.facebook.com/pages/Chellie-Pingree/91529332807
"Quigley, Mike",https://quigley.house.gov/,,
"Plaskett, Stacey",https://plaskett.house.gov/,https://twitter.com/staceyplaskett,https://www.facebook.com/repstaceyplaskett
"Ramirez, Delia",https://ramirez.house.gov,https://twitter.com/repdeliaramirez,https://www.facebook.com/repdeliaramirez/
"Pou, Nellie",https://pou.house.gov/,https://twitter.com/RepNellie?ref_src=twsrc%5Etfw,https://www.facebook.com/61575338036913/
"Pocan, Mark",https://pocan.house.gov,,
"Raskin, Jamie",https://raskin.house.gov,https://twitter.com/RepRaskin,https://www.facebook.com/RepRaskin/
"Pressley, Ayanna",https://pressley.house.gov,https://twitter.com/RepPressley,https://www.facebook.com/RepAyannaPressley
"Radewagen, Aumua Amata",https://radewagen.house.gov,https://x.com/repamata,https://www.facebook.com/aumuaamata
"Reschenthaler, Guy",https://reschenthaler.house.gov/,https://twitter.com/GReschenthaler,https://www.facebook.com/GReschenthaler/
"Randall, Emily",https://randall.house.gov/,,
"Rose, John",https://johnrose.house.gov/,https://twitter.com/repjohnrose,https://www.facebook.com/repjohnrose
"Rogers, Mike",https://mikerogers.house.gov/,https://twitter.com/repmikerogersal,https://www.facebook.com/CongressmanMikeDRogers/
"Ross, Deborah",https://ross.house.gov,https://twitter.com/RepDeborahRoss,https://www.facebook.com/RepDeborahRoss/
"Rogers, Harold",https://halrogers.house.gov/,https://twitter.com/RepHalRogers,https://www.facebook.com/CongressmanHalRogers/
"Ruiz, Raul",https://ruiz.house.gov,,
"Riley, Josh",https://riley.house.gov/,https://x.com/RepRileyNY,https://www.facebook.com/RepRileyNY
"Rouzer, David",https://rouzer.house.gov/,https://twitter.com/RepdavidRouzer,https://www.facebook.com/RepRouzer
"Rivas, Luz",https://rivas.house.gov/,https://twitter.com/RepLuzRivas,https://www.facebook.com/congresswomanluzrivas
"Roy, Chip",https://roy.house.gov,,
"Scalise, Steve",https://scalise.house.gov/,http://twitter.com/SteveScalise,
"Rulli, Michael A.",https://rulli.house.gov,https://x.com/repmichaelrulli,https://www.facebook.com/RepMikeRulli/
"Rutherford, John",https://rutherford.house.gov,https://twitter.com/RepRutherfordFL,https://www.facebook.com/RepRutherfordFL
"Salazar, Maria",https://salazar.house.gov,https://twitter.com/RepMariaSalazar,https://www.facebook.com/RepMariaSalazar/
"Ryan, Patrick",https://patryan.house.gov/,,
"Schakowsky, Janice",https://schakowsky.house.gov,http://twitter.com/janschakowsky,http://www.facebook.com/janschakowsky
"Salinas, Andrea",https://salinas.house.gov,,
"Scanlon, Mary Gay",https://scanlon.house.gov/,https://twitter.com/repmgs,https://www.facebook.com/repmgs
"Scott, Austin",https://austinscott.house.gov/,https://twitter.com/AustinScottGA08,http://www.facebook.com/RepAustinScott/
"Schweikert, David",https://schweikert.house.gov/,https://twitter.com/RepDavid,https://www.facebook.com/repdavidschweikert
"Scott, David",https://davidscott.house.gov/,https://twitter.com/RepDavidScott,http://www.facebook.com/pages/Congressman-David-Scott/113303673339
"Scott, Robert",https://bobbyscott.house.gov,https://www.x.com/bobbyscott,https://www.facebook.com/RepBobbyScott
"Sanchez, Linda",https://lindasanchez.house.gov/,hhttp://twitter.com/replindasanchez,http://www.facebook.com/RepLindaSanchez/
"Self, Keith",https://keithself.house.gov,https://twitter.com/repkeithself,https://www.facebook.com/repkeithself
"Sessions, Pete",https://sessions.house.gov,https://twitter.com/PeteSessions,https://www.facebook.com/petesessions/
"Schneider, Bradley",https://schneider.house.gov,https://twitter.com/RepSchneider,http://www.facebook.com/CongressmanBradSchneider/
"Sherrill, Mikie",https://clerk.house.gov/members/NJ11/vacancy,,
"Sewell, Terri",https://sewell.house.gov/,http://www.twitter.com/RepTerriSewell,http://www.facebook.com/RepSewell
"Scholten, Hillary",https://scholten.house.gov,https://twitter.com/RepScholten,https://www.facebook.com/profile.php?id=100089476625799&mibextid=LQQJ4d
"Sherman, Brad",https://sherman.house.gov,https://twitter.com/BradSherman,https://www.facebook.com/CongressmanBradSherman
"Shreve, Jefferson",https://shreve.house.gov/,https://twitter.com/repshreve?s=21&t=YX53DdoGtgHLLyMCBPVX_g,https://www.facebook.com/RepJeffersonShreve
"Simon, Lateefah",https://simon.house.gov/,https://twitter.com/RepLSimon,https://www.facebook.com/RepLSimon
"Smith, Adam",https://adamsmith.house.gov/,https://twitter.com/RepAdamSmith,https://www.facebook.com/RepAdamSmith
"Smith, Adrian",https://adriansmith.house.gov/,https://x.com/repadriansmith,https://www.facebook.com/gop
"Simpson, Michael",https://simpson.house.gov,https://twitter.com/CongMikeSimpson,https://www.facebook.com/Mike-Simpson-96007744606/
"Smith, Christopher",https://chrissmith.house.gov/,,
"Schmidt, Derek",https://schmidt.house.gov/,https://twitter.com/repderekschmidt,https://www.facebook.com/HouseRepublicans
"Smith, Jason",https://jasonsmith.house.gov,https://twitter.com/RepJasonSmith,https://www.facebook.com/repjasonsmith
"Smucker, Lloyd",https://smucker.house.gov/,,https://www.facebook.com/RepSmucker/
"Schrier, Kim",https://schrier.house.gov,https://twitter.com/RepKimSchrier,http://www.facebook.com/repkimschrier
"Soto, Darren",https://soto.house.gov,,
"Stanton, Greg",https://stanton.house.gov/,http://twitter.com/repgregstanton,http://www.facebook.com/repgregstanton
"Stansbury, Melanie",https://stansbury.house.gov/,,
"Stauber, Pete",https://stauber.house.gov,http://twitter.com/RepPeteStauber,http://www.facebook.com/RepPeteStauber
"Spartz, Victoria",https://spartz.house.gov,https://twitter.com/RepSpartz,https://www.facebook.com/RepSpartz
"Stevens, Haley",https://stevens.house.gov/,,
"Steil, Bryan",https://steil.house.gov,https://twitter.com/repbryansteil,
"Stefanik, Elise",https://stefanik.house.gov/,http://twitter.com/RepStefanik,http://www.facebook.com/RepEliseStefanik
"Sorensen, Eric",https://sorensen.house.gov,https://x.com/RepEricSorensen,https://www.facebook.com/RepEricSorensen/
"Strong, Dale",https://strong.house.gov,https://twitter.com/RepDaleStrong,https://www.facebook.com/repdalestrong
"Strickland, Marilyn",https://strickland.house.gov,https://twitter.com/RepStricklandWA,https://facebook.com/RepStricklandWA
"Steube, W.",https://steube.house.gov/,https://twitter.com/RepGregSteube,https://www.facebook.com/RepGregSteube
"Sykes, Emilia",https://sykes.house.gov,https://twitter.com/RepEmiliaSykes,https://www.facebook.com/repemiliasykes/
"Suozzi, Thomas R.",https://suozzi.house.gov,https://twitter.com/reptomsuozzi,https://www.facebook.com/RepTomSuozzi/
"Takano, Mark",https://takano.house.gov,https://twitter.com/RepMarkTakano,https://www.facebook.com/RepMarkTakano
"Subramanyam, Suhas",https://subramanyam.house.gov/,https://twitter.com/RepSuhas,https://www.facebook.com/RepSuhasSubramanyam
"Swalwell, Eric",https://swalwell.house.gov,https://twitter.com/repswalwell,https://www.facebook.com/CongressmanEricSwalwell
"Thanedar, Shri",https://thanedar.house.gov,https://twitter.com/repshrithanedar,https://www.facebook.com/CongressmanShriThanedar
"Tenney, Claudia",https://tenney.house.gov/,https://twitter.com/RepTenney,https://www.facebook.com/RepClaudiaTenney
"Thompson, Bennie",https://benniethompson.house.gov/,http://twitter.com/BennieGThompson,http://www.facebook.com/Congressman-Bennie-G-Thompson/
"Thompson, Glenn",https://thompson.house.gov,https://twitter.com/CongressmanGT,https://www.facebook.com/CongressmanGT/
"Taylor, David",https://taylor.house.gov/,https://twitter.com/RepDaveTaylor,https://www.facebook.com/profile.php?id=61571224837800
"Tlaib, Rashida",https://tlaib.house.gov/,http://twitter.com/RepRashida,http://www.facebook.com/RepRashida
"Thompson, Mike",https://mikethompson.house.gov/,,https://www.facebook.com/gop
"Tiffany, Thomas",https://tiffany.house.gov/,http://twitter.com/RepTiffany,http://www.facebook.com/RepTiffany/
"Timmons, William",https://timmons.house.gov/,https://twitter.com/reptimmons,https://facebook.com/reptimmons
"Titus, Dina",https://titus.house.gov/,https://twitter.com/repdinatitus,https://facebook.com/CongresswomanTitus
"Torres, Ritchie",https://ritchietorres.house.gov,https://twitter.com/RepRitchie?ref_src=twsrc%5Etfw,https://www.facebook.com/RepRitchie/
"Tonko, Paul",https://tonko.house.gov/,https://twitter.com/reppaultonko,https://www.facebook.com/reppaultonko
"Tokuda, Jill",https://tokuda.house.gov,https://x.com/RepJillTokuda,https://www.facebook.com/RepJillTokuda
"Torres, Norma",https://torres.house.gov/,https://twitter.com/NormaJTorres,https://www.facebook.com/RepNormaTorres
"Tran, Derek",https://tran.house.gov/,https://twitter.com/RepDerekTranCA,https://www.facebook.com/CongressmanTran
"Trahan, Lori",https://trahan.house.gov,https://www.twitter.com/reploritrahan,https://www.facebook.com/reploritrahan
"Underwood, Lauren",https://underwood.house.gov/,http://twitter.com/RepUnderwood,http://www.facebook.com/repunderwood/
"Turner, Michael",https://turner.house.gov/,http://www.twitter.com/RepMikeTurner,http://www.facebook.com/RepMikeTurner
"Van Drew, Jefferson",https://vandrew.house.gov,https://twitter.com/Congressman_JVD,https://www.facebook.com/CongressmanJVD/
"Valadao, David",https://valadao.house.gov,https://twitter.com/RepDavidValadao,https://facebook.com/CongressmanDavidValadao
"Van Duyne, Beth",https://vanduyne.house.gov,https://twitter.com/RepBethVanDuyne,https://www.facebook.com/RepBethVanDuyne/
"Van Epps, Matt",https://vanepps.house.gov/,https://x.com/repvanepps,https://www.facebook.com/RepVanEpps
"Vasquez, Gabe",https://vasquez.house.gov,https://twitter.com/RepGabeVasquez,https://www.facebook.com/profile.php?id=100089328694464&mibextid=LQQJ4d
"Van Orden, Derrick",https://vanorden.house.gov,https://twitter.com/RepVanOrden,https://www.facebook.com/RepVanOrden
"Velazquez, Nydia",https://velazquez.house.gov,https://twitter.com/NydiaVelazquez,
"Vargas, Juan",https://vargas.house.gov,https://twitter.com/RepJuanVargas,https://www.facebook.com/RepJuanVargas
"Vindman, Eugene",https://vindman.house.gov/,https://x.com/RepVindman,https://www.facebook.com/CongressmanEugeneVindman/
"Stutzman, Marlin",https://stutzman.house.gov/,https://twitter.com/RepStutzman?ref_src=twsrc%5Etfw,https://www.facebook.com/repstutzman
"Wagner, Ann",https://wagner.house.gov,https://twitter.com/@RepAnnWagner,https://www.facebook.com/RepAnnWagner/
"Veasey, Marc",https://veasey.house.gov,https://twitter.com/RepVeasey,https://www.facebook.com/CongressmanMarcVeasey
"Walberg, Tim",https://walberg.house.gov/,https://twitter.com/RepWalberg,http://www.facebook.com/RepWalberg
"Wasserman Schultz, Debbie",https://wassermanschultz.house.gov/,https://twitter.com/RepDWStweets,https://www.facebook.com/RepDWS
"Walkinshaw, James",https://walkinshaw.house.gov/,https://x.com/Rep_Walkinshaw,https://www.facebook.com/RepJamesWalkinshaw/
"Waters, Maxine",https://waters.house.gov,,
"Watson Coleman, Bonnie",https://watsoncoleman.house.gov/,https://twitter.com/RepBonnie,https://www.facebook.com/RepBonnie/
"Webster, Daniel",https://webster.house.gov/,https://twitter.com/RepWebster,https://www.facebook.com/RepWebster/
"Westerman, Bruce",https://westerman.house.gov/,http://twitter.com/RepWesterman,http://www.facebook.com/RepWesterman
"Weber, Randy",https://weber.house.gov,https://twitter.com/TXRandy14,https://facebook.com/TXRandy14
"Wied, Tony",https://wied.house.gov/,https://twitter.com/RepTonyWied,https://www.facebook.com/61568624194199
"Williams, Roger",https://williams.house.gov,,
"Williams, Nikema",https://nikemawilliams.house.gov,https://twitter.com/repnikema,https://www.facebook.com/RepNikemaWilliams/
"Wittman, Robert",https://wittman.house.gov/,https://twitter.com/RobWittman,https://www.facebook.com/RepRobWittman
"Wilson, Frederica",https://wilson.house.gov/,https://twitter.com/RepWilson,https://www.facebook.com/RepWilson
"Whitesides, George",https://whitesides.house.gov/,https://x.com/Rep_Whitesides,https://www.facebook.com/RepWhitesides/
"Womack, Steve",https://womack.house.gov/,https://twitter.com/rep_stevewomack,
"Wilson, Joe",https://joewilson.house.gov/,https://twitter.com/repjoewilson,https://www.facebook.com/joewilson
"Yakym, Rudy",https://yakym.house.gov,https://twitter.com/RepRudyYakym,https://www.facebook.com/RepRudyYakym
"Zinke, Ryan",https://zinke.house.gov,,https://www.facebook.com/RepresentativeRyanZinke/?_rdr
"Amodei, Mark",https://amodei.house.gov,http://twitter.com/markamodeinv2,https://www.facebook.com/MarkAmodeiNV2
"Aguilar, Pete",https://aguilar.house.gov/,http://twitter.com/RepPeteAguilar,http://www.facebook.com/RepPeteAguilar/
"Amo, Gabe",https://amo.house.gov,https://x.com/RepGabeAmo,https://www.facebook.com/profile.php?id=61553581414066
"Allen, Rick",https://allen.house.gov,https://x.com/RepRickAllen,https://www.facebook.com/CongressmanRickAllen
"Ansari, Yassamin",https://ansari.house.gov/,https://x.com/RepYassAnsari,https://www.facebook.com/repyassansari/
"Aderholt, Robert",https://aderholt.house.gov/,,http://www.facebook.com/RobertAderholt
"Adams, Alma",https://adams.house.gov,https://x.com/RepAdams,http://www.facebook.com/CongresswomanAdams
"Alford, Mark",https://alford.house.gov,https://twitter.com/RepMarkAlford,https://facebook.com/profile.php?id=100089595940547/
"Arrington, Jodey",https://arrington.house.gov,https://twitter.com/reparrington?lang=en,https://www.facebook.com/RepJodeyArrington/
"Auchincloss, Jake",https://auchincloss.house.gov,https://twitter.com/RepAuchincloss,https://www.facebook.com/RepAuchincloss
"Balderson, Troy",https://balderson.house.gov,https://twitter.com/RepBalderson,https://www.facebook.com/RepTroyBalderson/
"Babin, Brian",https://babin.house.gov,https://twitter.com/RepBrianBabin,https://www.facebook.com/RepBrianBabin
"Baird, James",https://baird.house.gov/,https://twitter.com/repjimbaird,https://www.facebook.com/RepJimBaird/
"Barr, Andy",https://barr.house.gov/,https://www.twitter.com/RepAndyBarr,http://www.facebook.com/RepAndyBarr
"Barragan, Nanette",https://barragan.house.gov,http://twitter.com/repbarragan,https://www.facebook.com/CongresswomanBarragan
"Balint, Becca",https://balint.house.gov,https://twitter.com/repbeccab,https://facebook.com/repbeccab
"Bacon, Don",https://bacon.house.gov,https://twitter.com/RepDonBacon,https://www.facebook.com/RepDonBacon
"Barrett, Tom",https://barrett.house.gov/,https://twitter.com/reptombarrett,https://www.facebook.com/RepTomBarrett/
"Baumgartner, Michael",https://baumgartner.house.gov/,https://twitter.com/repbaumgartner,https://www.facebook.com/RepBaumgartner
"Bean, Aaron",https://bean.house.gov,https://twitter.com/RepAaronBean,https://www.facebook.com/people/Congressman-Aaron-Bean/100089355874563/
"Begich, Nicholas",https://begich.house.gov/,https://twitter.com/repnickbegich,https://www.facebook.com/RepNickBegich
"Beatty, Joyce",https://beatty.house.gov,https://twitter.com/RepBeatty,http://www.facebook.com/pages/Joyce-Beatty/656884781042633
"Bentz, Cliff",https://bentz.house.gov,https://twitter.com/RepBentz,https://www.facebook.com/RepBentz
"Bergman, Jack",https://bergman.house.gov,https://x.com/RepJackBergman,https://facebook.com/RepJackBergman
"Bell, Wesley",https://bell.house.gov/,,https://www.facebook.com/profile.php?id=61571538239904
"Biggs, Andy",https://biggs.house.gov,,
"Bera, Ami",https://bera.house.gov,https://x.com/repbera,https://www.facebook.com/RepAmiBera/
"Biggs, Sheri",https://sheribiggs.house.gov/,https://twitter.com/repsheribiggs,https://www.facebook.com/RepSheriBiggs/
"Bishop, Sanford",https://bishop.house.gov/,,
"Beyer, Donald",https://beyer.house.gov,http://twitter.com/RepDonBeyer,http://www.facebook.com/RepDonBeyer
"Bonamici, Suzanne",https://bonamici.house.gov,,http://www.facebook.com/CongresswomanBonamici
"Boebert, Lauren",https://boebert.house.gov,https://twitter.com/RepBoebert,https://www.facebook.com/HouseRepublicans/
"Bost, Mike",https://bost.house.gov/,http://www.twitter.com/RepBost,http://www.facebook.com/RepBost/
"Bilirakis, Gus",https://bilirakis.house.gov/,https://twitter.com/repgusbilirakis,http://www.facebook.com/gusbilirakis/
"Boyle, Brendan",https://boyle.house.gov/,https://x.com/CongBoyle,https://facebook.com/CongressmanBoyle
"Bresnahan, Robert",https://bresnahan.house.gov/,https://twitter.com/RepBresnahan,https://www.facebook.com/RepBresnahan/
"Brown, Shontel",https://shontelbrown.house.gov,https://twitter.com/RepShontelBrown,https://www.facebook.com/RepShontelBrown
"Buchanan, Vern",https://buchanan.house.gov/,https://twitter.com/VernBuchanan,https://www.facebook.com/CongressmanBuchanan/
"Budzinski, Nikki",https://budzinski.house.gov,https://twitter.com/RepNikkiB,https://www.facebook.com/RepNikkiBudzinski
"Burchett, Tim",https://burchett.house.gov,https://x.com/RepTimBurchett,https://www.facebook.com/RepTimBurchett/
"Brecheen, Josh",https://brecheen.house.gov,https://x.com/repbrecheen,https://www.facebook.com/profile.php?id=100089040632497
"Brownley, Julia",https://juliabrownley.house.gov,https://twitter.com/RepBrownley,http://www.facebook.com/RepBrownley
"Burlison, Eric",https://burlison.house.gov,https://x.com/RepEricBurlison,https://www.facebook.com/profile.php?id=100089208900263
"Cammack, Kat",https://cammack.house.gov,https://twitter.com/RepKatCammack,https://www.facebook.com/RepKatCammack
"Bynum, Janelle",https://bynum.house.gov/,https://twitter.com/RepBynum,https://www.facebook.com/repbynum/
"Calvert, Ken",https://calvert.house.gov/,https://x.com/KenCalvert,http://www.facebook.com/RepKenCalvert
"Carter, Earl",https://buddycarter.house.gov/,https://twitter.com/@repBuddyCarter,https://www.facebook.com/CongressmanBuddyCarter/
"Carson, Andre",https://carson.house.gov/,,
"Carter, John",https://carter.house.gov/,https://twitter.com/JudgeCarter,https://www.facebook.com/judgecarter/
"Carbajal, Salud",https://carbajal.house.gov,https://twitter.com/repcarbajal,https://www.facebook.com/repsaludcarbajal
"Carey, Mike",https://carey.house.gov,https://x.com/RepMikeCarey,https://www.facebook.com/RepMikeCarey
"Case, Ed",https://case.house.gov/,https://twitter.com/repedcase,https://www.facebook.com/RepEdCase
"Casar, Greg",https://casar.house.gov,https://twitter.com/RepCasar,https://www.facebook.com/RepCasar
"Carter, Troy",https://troycarter.house.gov,https://twitter.com/RepTroyCarter,https://www.facebook.com/RepTroyCarter
"Casten, Sean",https://casten.house.gov,https://twitter.com/RepCasten,https://www.facebook.com/RepSeanCasten/
"Cherfilus-McCormick, Sheila",https://cherfilus-mccormick.house.gov/,,https://www.facebook.com/congresswomanSCM/
"Chu, Judy",https://chu.house.gov/,https://twitter.com/RepJudyChu,http://www.facebook.com/RepJudyChu
"Castor, Kathy",https://castor.house.gov/,https://twitter.com/USRepKCastor,https://www.facebook.com/USRepKathyCastor
"Castro, Joaquin",https://castro.house.gov,https://x.com/JoaquinCastrotx,https://www.facebook.com/JoaquinCastroTX/
"Ciscomani, Juan",https://ciscomani.house.gov,https://twitter.com/RepCiscomani,https://www.facebook.com/profile.php?id=100089186535085
"Clark, Katherine",https://katherineclark.house.gov/index.cfm/home,http://twitter.com/WhipKClark,https://www.facebook.com/RepKClark/?eid=ARCEKFQepw5P5m8HUvqXTC9_islvdBosm2J7AnNVOWUNYE6D6Pm6FD1GPorFvNANsZbYhsz0lLRuqVT4
"Cisneros, Gilbert",https://cisneros.house.gov/,https://twitter.com/RepGilCisneros,https://www.facebook.com/RepGilCisneros
"Clarke, Yvette",https://clarke.house.gov/,https://x.com/repyvetteclarke?lang=en,https://www.facebook.com/repyvetteclarke/
"Cleaver, Emanuel",https://cleaver.house.gov,https://twitter.com/repcleaver,https://www.facebook.com/gop
"Cloud, Michael",https://cloud.house.gov,https://x.com/RepMichaelCloud,https://www.facebook.com/RepMichaelCloud
"Cline, Ben",https://cline.house.gov,https://twitter.com/RepBenCline,https://www.facebook.com/RepBenCline/
"Bice, Stephanie",https://bice.house.gov,https://twitter.com/RepBice,https://www.facebook.com/RepStephanieBice
"Cole, Tom",https://cole.house.gov,,https://www.facebook.com/TomColeOK04
"Clyde, Andrew",https://clyde.house.gov,https://twitter.com/Rep_Clyde,https://www.facebook.com/RepresentativeClyde
"Cohen, Steve",https://cohen.house.gov/,http://twitter.com/repcohen,https://www.facebook.com/CongressmanSteveCohen/videos/976346680516661/
"Clyburn, James",https://clyburn.house.gov/,https://x.com/RepJamesClyburn,https://www.facebook.com/RepJamesClyburn
"Collins, Mike",https://collins.house.gov,https://twitter.com/RepMikeCollins,https://www.facebook.com/RepMikeCollinsGA/
"Correa, J.",https://correa.house.gov,https://twitter.com/reploucorrea,https://www.facebook.com/RepLouCorrea/
"Comer, James",https://comer.house.gov/,http://twitter.com/RepJamesComer,http://www.facebook.com/congressmancomer
"Conaway, Herbert",https://conaway.house.gov/,https://twitter.com/RepHerbConaway,https://www.facebook.com/Repherbconaway
"Courtney, Joe",https://courtney.house.gov/,https://twitter.com/repjoecourtney/,//courtney.house.gov/%20https%3A//www.facebook.com/repjoecourtney
"Crank, Jeff",https://crank.house.gov/,https://twitter.com/RepJeffCrank,https://www.facebook.com/RepJeffCrank/
"Costa, Jim",https://costa.house.gov/,https://twitter.com/repjimcosta,https://www.facebook.com/RepJimCosta/
"Craig, Angie",https://craig.house.gov,https://twitter.com/repangiecraig,https://www.facebook.com/RepAngieCraig
"Crane, Elijah",https://crane.house.gov,https://x.com/RepEliCrane,https://www.facebook.com/profile.php?id=100088851021670
"Crawford, Eric",https://crawford.house.gov/,https://twitter.com/reprickcrawford,
"Crockett, Jasmine",https://crockett.house.gov,https://twitter.com/RepJasmine,https://www.facebook.com/RepJasmine
"Crow, Jason",https://crow.house.gov/,https://twitter.com/RepJasonCrow,http://www.facebook.com/RepJasonCrow
"Davids, Sharice",https://davids.house.gov/,,
"Crenshaw, Dan",https://crenshaw.house.gov/,https://twitter.com/RepDanCrenshaw,https://www.facebook.com/RepDanCrenshaw/
"Davidson, Warren",https://davidson.house.gov/,https://x.com/Rep_Davidson,http://www.facebook.com/CongressmanWarrenDavidson
"Cuellar, Henry",https://cuellar.house.gov/,https://twitter.com/RepCuellar,https://facebook.com/RepCuellar
"Davis, Danny",https://davis.house.gov,https://twitter.com/RepDannyDavis,https://www.facebook.com/OfficialRepDannyDavis
"Davis, Donald",https://dondavis.house.gov,https://twitter.com/RepDonDavis,https://www.facebook.com/RepDonDavis/
"DeGette, Diana",https://degette.house.gov,,https://www.facebook.com/RepDianaDeGette/
"Dean, Madeleine",https://dean.house.gov,https://twitter.com/RepDean,https://www.facebook.com/RepMadeleineDean/
"Deluzio, Christopher",https://deluzio.house.gov,https://twitter.com/RepDeluzio,https://www.facebook.com/RepChrisDeluzio/
"De La Cruz, Monica",https://delacruz.house.gov,https://twitter.com/RepMonicaDLC,https://facebook.com/RepMonicaDLC
"DelBene, Suzan",https://delbene.house.gov,https://twitter.com/RepDelBene,https://www.facebook.com/RepDelBene
"DesJarlais, Scott",https://desjarlais.house.gov/,,https://www.facebook.com/ScottDesJarlaisTN04
"Dexter, Maxine",https://dexter.house.gov/,https://x.com/RepDexterOR,https://www.facebook.com/RepDexterOR/
"DeSaulnier, Mark",https://desaulnier.house.gov/,https://twitter.com/repdesaulnier,https://www.facebook.com/repmarkdesaulnier
"DeLauro, Rosa",https://delauro.house.gov/,https://twitter.com/@rosadelauro,http://www.facebook.com/CongresswomanRosaDeLauro
"Dingell, Debbie",https://debbiedingell.house.gov/,http://twitter.com/RepDebDingell,http://www.facebook.com/RepDebbieDingell
"Doggett, Lloyd",https://doggett.house.gov,https://twitter.com/RepLloydDoggett,https://www.facebook.com/RepLloydDoggett
"Diaz-Balart, Mario",https://mariodiazbalart.house.gov/,https://twitter.com/mariodb,
"Downing, Troy",https://downing.house.gov/,https://twitter.com/reptroydowning,https://www.facebook.com/reptroydowning/
"Donalds, Byron",https://donalds.house.gov,https://twitter.com/RepDonaldsPress,https://www.facebook.com/RepDonaldsPress/
"Elfreth, Sarah",https://elfreth.house.gov/,https://twitter.com/repsarahelfreth,https://www.facebook.com/RepSarahElfreth/posts/pfbid0S4RWD7QqbHVvbhZnjL8tprtFdheJb5WnthFqsvSTMG3o9yM4sDu8DkeRWBbLoCnVl
"Ellzey, Jake",https://ellzey.house.gov/,https://twitter.com/RepEllzey,https://www.facebook.com/RepJakeEllzey
"Edwards, Chuck",https://edwards.house.gov,https://www.dropbox.com/scl/fi/2q09e5bykk11k7wi1ormd/Rep.-Edwards-Letter-Shooting-Creek-Transmission-Project.pdf?rlkey=7qjm9ds5ys17hdzs358evdtgk&st=kz15h9ru&dl=0,https://www.facebook.com/RepChuckEdwards/
"Dunn, Neal",https://dunn.house.gov,https://x.com/drnealdunnfl2,https://www.facebook.com/DrNealDunnFL2/
"Escobar, Veronica",https://escobar.house.gov,https://twitter.com/RepEscobar,https://www.facebook.com/RepEscobar
"Estes, Ron",https://estes.house.gov/,https://twitter.com/RepRonEstes,https://www.facebook.com/RepRonEstes
"Emmer, Tom",https://emmer.house.gov/,https://twitter.com/GOPMajorityWhip,https://www.facebook.com/reptomemmer
"Ezell, Mike",https://ezell.house.gov,https://twitter.com/repezell,https://facebook.com/repezell
"Espaillat, Adriano",https://espaillat.house.gov,http://twitter.com/RepEspaillat,http://www.facebook.com/RepEspaillat/
"Evans, Dwight",https://evans.house.gov/,https://x.com/RepDwightEvans,http://www.facebook.com/RepDwightEvans
"Feenstra, Randy",https://feenstra.house.gov,https://twitter.com/repfeenstra,https://www.facebook.com/repfeenstra/
"Fallon, Pat",https://fallon.house.gov,https://twitter.com/RepPatFallon,https://facebook.com/RepPatFallon
"Fedorchak, Julie",https://fedorchak.house.gov/,https://x.com/RepFedorchak,https://www.facebook.com/RepJulieFedorchak
"Fields, Cleo",https://fields.house.gov/,,https://www.facebook.com/61569937980769/
"Evans, Gabe",https://gabeevans.house.gov/,https://twitter.com/repgabeevans,https://www.facebook.com/RepGabeEvans/
"Fitzgerald, Scott",https://fitzgerald.house.gov,hhttps://twitter.com/RepFitzgerald,https://www.facebook.com/repaoc
"Figures, Shomari",https://figures.house.gov/,https://twitter.com/repscfigures,https://www.facebook.com/61571773900898/
"Fitzpatrick, Brian",https://fitzpatrick.house.gov/,http://www.twitter.com/repbrianfitz,https://www.facebook.com/RepBrianFitz/
"Fine, Randy",https://fine.house.gov/,https://x.com/RepFine,https://www.facebook.com/RepFine/
"Finstad, Brad",https://finstad.house.gov/,https://twitter.com/RepFinstad,https://www.facebook.com/RepFinstad/
"Fleischmann, Charles",https://fleischmann.house.gov/,https://twitter.com/repchuck,https://www.facebook.com/repchuck
"Fischbach, Michelle",https://fischbach.house.gov,https://twitter.com/RepFischbach,https://www.facebook.com/repfischbach
"Flood, Mike",https://flood.house.gov/,https://twitter.com/USRepMikeFlood,https://www.facebook.com/Congressman-Mike-Flood-101986952582058
"Fletcher, Lizzie",https://fletcher.house.gov,https://twitter.com/RepFletcher,https://www.facebook.com/RepFletcher/
"Foxx, Virginia",https://foxx.house.gov/,https://twitter.com/virginiafoxx,https://www.facebook.com/RepVirginiaFoxx
"Fong, Vince",https://fong.house.gov/,,https://m.facebook.com/61561001941153/
"Foster, Bill",https://foster.house.gov,http://twitter.com/RepBillFoster,http://www.facebook.com/CongressmanBillFoster
"Franklin, Scott",https://franklin.house.gov,http://www.twitter.com/RepFranklin,http://www.facebook.com/RepFranklin
"Foushee, Valerie",https://foushee.house.gov,https://twitter.com/ValerieFoushee,https://www.facebook.com/RepValerieFoushee/
"Friedman, Laura",https://friedman.house.gov/,https://twitter.com/RepFriedmanCA,https://www.facebook.com/RepLauraFriedman/
"Frankel, Lois",https://frankel.house.gov,https://twitter.com/RepLoisFrankel,https://www.facebook.com/RepLoisFrankel
"Fry, Russell",https://fry.house.gov,https://twitter.com/reprussellfry,https://www.facebook.com/reprussellfry
"Frost, Maxwell",https://frost.house.gov,https://twitter.com/RepMaxwellFrost,https://www.facebook.com/RepMaxwellFrost
"Fulcher, Russ",https://fulcher.house.gov/,https://x.com/RepRussFulcher,https://www.facebook.com/RepRussFulcher
"Garamendi, John",https://garamendi.house.gov/,https://x.com/RepGaramendi,http://www.facebook.com/repgaramendi
"Garcia, Jesus",https://chuygarcia.house.gov/,https://twitter.com/RepChuyGarcia,https://www.facebook.com/RepChuyGarcia
"Gill, Brandon",https://gill.house.gov/,https://twitter.com/repbrandongill,https://www.facebook.com/RepBrandonGill/
"Garbarino, Andrew",https://garbarino.house.gov,https://twitter.com/RepGarbarino,https://www.facebook.com/RepAndrewGarbarino/
"Gimenez, Carlos",https://gimenez.house.gov,https://twitter.com/RepCarlos,https://www.facebook.com/RepCarlosGimenez/
"Garcia, Sylvia",https://sylviagarcia.house.gov/,https://x.com/repsylviagarcia,https://www.facebook.com/RepSylviaGarcia
"Garcia, Robert",https://robertgarcia.house.gov,https://twitter.com/RepRobertGarcia,https://facebook.com/reprobertgarcia/
"Golden, Jared",https://golden.house.gov,,
"Goldman, Craig",https://craiggoldman.house.gov/,https://x.com/RepCraigGoldman,https://www.facebook.com/61571449239416
"Gillen, Laura",https://gillen.house.gov/,https://twitter.com/RepLauraGillen,https://www.facebook.com/replauragillen/
"Goldman, Daniel",https://goldman.house.gov,https://twitter.com/RepDanGoldman,https://www.facebook.com/RepDanGoldman
"Gonzales, Tony",https://gonzales.house.gov,https://twitter.com/RepTonyGonzales,https://www.facebook.com/RepTonyGonzales/
"Gooden, Lance",https://gooden.house.gov,,
"Gonzalez, Vicente",https://gonzalez.house.gov,https://twitter.com/RepGonzalez,https://www.facebook.com/RepVicenteGonzalez/
"Gosar, Paul",https://gosar.house.gov/,https://twitter.com/RepGosar,https://facebook.com/RepGosar
"Goodlander, Maggie",https://goodlander.house.gov/,https://x.com/repgoodlander,https://www.facebook.com/RepGoodlander
"Gomez, Jimmy",https://gomez.house.gov/,https://twitter.com/RepJimmyGomez,https://www.facebook.com/RepJimmyGomez
"Gottheimer, Josh",https://gottheimer.house.gov,https://twitter.com/RepJoshG,https://www.facebook.com/RepJoshG
"Gray, Adam",https://gray.house.gov/,https://twitter.com/RepAdamGrayCA,https://www.facebook.com/repadamgrayca
"Graves, Sam",https://graves.house.gov/,https://twitter.com/RepSamGraves,https://www.facebook.com/RepSamGraves/
"Grothman, Glenn",https://grothman.house.gov,https://twitter.com/REPGROTHMAN,https://www.facebook.com/REPGROTHMAN
"Griffith, H.",https://morgangriffith.house.gov/,https://twitter.com/RepMGriffith,https://www.facebook.com/RepMorganGriffith
"Grijalva, Adelita",https://grijalva.house.gov/,https://x.com/rep_grijalva,https://www.facebook.com/repadelitasgrijalva
"Green, Al",https://algreen.house.gov,https://x.com/RepAlGreen,https://www.facebook.com/RepAlGreen
"Greene, Marjorie Taylor",https://clerk.house.gov/members/GA14/vacancy,,
"Hageman, Harriet",https://hageman.house.gov,https://x.com/caohouse,https://www.facebook.com/RepHageman/
"Guthrie, Brett",https://guthrie.house.gov/,https://twitter.com/repguthrie,https://www.facebook.com/CongressmanGuthrie/
"Guest, Michael",https://guest.house.gov,https://twitter.com/RepMichaelGuest,https://www.facebook.com/RepMichaelGuest
"Hamadeh, Abraham",https://hamadeh.house.gov/,https://x.com/RepAbeHamadeh,https://www.facebook.com/RepAbeHamadeh/
"Harrigan, Pat",https://harrigan.house.gov/,https://www.newsmax.com/Newsmax-Tv/pat-harrigan-donald-trump-iran/2026/03/03/id/1248096/,https://www.facebook.com/RepPatHarrigan
"Haridopolos, Mike",https://haridopolos.house.gov/,https://twitter.com/repharidopolos,https://www.facebook.com/profile.php?id=61571722240997
"Harris, Mark",https://markharris.house.gov/,https://twitter.com/RepMarkHarrisNC,https://www.facebook.com/RepMarkHarris
"Harder, Josh",https://harder.house.gov/,,
"Harris, Andy",https://harris.house.gov/,http://twitter.com/repandyharrismd,http://www.facebook.com/AndyHarrisMD
"Harshbarger, Diana",https://harshbarger.house.gov,https://twitter.com/RepHarshbarger,https://www.facebook.com/RepDianaHarshbarger/
"Hayes, Jahana",https://hayes.house.gov,https://twitter.com/RepJahanaHayes,https://www.facebook.com/RepJahanaHayes
"Higgins, Clay",https://clayhiggins.house.gov,https://twitter.com/RepClayHiggins,https://www.facebook.com/CongressmanClayHiggins/
"Hern, Kevin",https://hern.house.gov,https://twitter.com/repkevinhern,https://www.facebook.com/repkevinhern/
"Hill, J.",https://hill.house.gov/,https://twitter.com/repfrenchhill,https://www.facebook.com/repfrenchhill
"Hernandez, Pablo",https://hernandez.house.gov/,,https://www.facebook.com/61569891687422/
"Hinson, Ashley",https://hinson.house.gov,https://twitter.com/RepAshleyHinson,https://www.facebook.com/RepAshleyHinson
"Himes, James",https://himes.house.gov/,https://twitter.com/jahimes,https://www.facebook.com/RepJimHimes
"Hoyle, Val",https://hoyle.house.gov,https://twitter.com/RepValHoyle,https://www.facebook.com/repvalhoyle/
"Huffman, Jared",https://huffman.house.gov,https://twitter.com/RepHuffman,https://www.facebook.com/RepHuffman
"Houlahan, Chrissy",https://houlahan.house.gov/,https://twitter.com/rephoulahan,https://www.facebook.com/RepChrissyHoulahan/
"Horsford, Steven",https://horsford.house.gov,https://twitter.com/RepHorsford?ref_src=twsrc%5Etfw,https://www.facebook.com/RepHorsford
"Houchin, Erin",https://houchin.house.gov,https://twitter.com/RepHouchin,https://www.facebook.com/RepHouchin
"Hudson, Richard",https://hudson.house.gov,https://twitter.com/RepRichHudson,
"Hunt, Wesley",https://hunt.house.gov,,https://facebook.com/RepWesleyHunt/
"Hoyer, Steny",https://hoyer.house.gov/,https://x.com/RepStenyHoyer,
"Huizenga, Bill",https://huizenga.house.gov/,https://x.com/RepHuizenga,https://facebook.com/RepHuizenga
"Hurd, Jeff",https://hurd.house.gov/,https://twitter.com/RepJeffHurd,https://www.facebook.com/61571570223582
"Jack, Brian",https://jack.house.gov/,https://twitter.com/RepBrianJack,https://www.facebook.com/RepBrianJack
"Issa, Darrell",https://issa.house.gov,https://twitter.com/repdarrellissa,https://www.facebook.com/congressmandarrellissa
"Jackson, Jonathan",https://jonathanjackson.house.gov,,https://www.facebook.com/watch/live/?ref=watch_permalink&v=1153617426274280&rdid=Zg4dlsngaa1Hzi7e
"Jackson, Ronny",https://jackson.house.gov,https://twitter.com/RepRonnyJackson,https://www.facebook.com/RepRonnyJackson/
"Jacobs, Sara",https://sarajacobs.house.gov,https://twitter.com/Repsarajacobs,https://www.facebook.com/RepSaraJacobs/
"Ivey, Glenn",https://ivey.house.gov,https://x.com/RepGlennIvey,https://www.facebook.com/RepGlennIvey
"Jayapal, Pramila",https://jayapal.house.gov,http://www.twitter.com/RepJayapal/,http://www.facebook.com/RepJayapal/
"James, John",https://james.house.gov,https://x.com/RepJames,https://www.facebook.com/RepJohnJames
"Johnson, Dusty",https://dustyjohnson.house.gov/,https://twitter.com/RepDustyJohnson,
"Johnson, Henry",https://hankjohnson.house.gov/,https://twitter.com/RepHankJohnson?ref_src=twsrc%5Etfw,https://www.facebook.com/RepHankJohnson/
"Jeffries, Hakeem",https://jeffries.house.gov,https://twitter.com/RepJeffries,https://www.facebook.com/RepJeffries/
"Johnson, Mike",https://mikejohnson.house.gov,https://twitter.com/SpeakerJohnson,https://www.facebook.com/SpeakerJohnson
"Joyce, John",https://johnjoyce.house.gov/,,
"Johnson, Julie",https://juliejohnson.house.gov/,https://twitter.com/RepJulieJohnson,https://www.facebook.com/profile.php?id=61569064997067
"Joyce, David",https://joyce.house.gov,https://twitter.com/RepDaveJoyce,https://www.facebook.com/RepDaveJoyce
"Jordan, Jim",https://jordan.house.gov/,https://twitter.com/jim_jordan,https://www.facebook.com/repjimjordan/photos_albums
"Kamlager-Dove, Sydney",https://kamlager-dove.house.gov,https://x.com/RepKamlagerDove,https://www.facebook.com/RepKamlagerDove/
"Kaptur, Marcy",https://kaptur.house.gov/,http://twitter.com/RepMarcyKaptur,http://www.facebook.com/RepMarcyKaptur
"Kelly, Mike",https://kelly.house.gov,https://twitter.com/MikeKellyPA,https://www.facebook.com/MikeKellyPA
"Kennedy, Mike",https://mikekennedy.house.gov/,https://x.com/repmikekennedy,https://www.facebook.com/RepMikeKennedy/
"Kean, Thomas",https://kean.house.gov,https://twitter.com/congressmankean,https://www.facebook.com/CongressmanKean/posts/pfbid02551mfMADRYYe4K26Dx8adywjeWvk5dFcLxEe3tXbcSyuP7VgBPLJZvWhPzS9rXFbl
"Keating, William",https://keating.house.gov/,https://twitter.com/USRepKeating,https://www.facebook.com/gop
"Kelly, Robin",https://robinkelly.house.gov/,https://twitter.com/reprobinkelly,https://www.facebook.com/reprobinkelly
"Kennedy, Timothy",https://kennedy.house.gov,https://twitter.com/reptimkennedy,https://facebook.com/reptimkennedy
"Khanna, Ro",https://khanna.house.gov,http://twitter.com/RepRoKhanna,http://www.facebook.com/RepRoKhanna
"Kelly, Trent",https://trentkelly.house.gov/,https://www.twitter.com/reptrentkelly,https://facebook.com/reptrentkelly
"Krishnamoorthi, Raja",https://krishnamoorthi.house.gov,http://twitter.com/congressmanraja,http://www.facebook.com/congressmanraja
"Kiley, Kevin",https://kiley.house.gov,https://twitter.com/RepKiley,https://www.facebook.com/profile.php?id=100089382125341
"Kustoff, David",https://kustoff.house.gov,http://twitter.com/repdavidkustoff,http://www.facebook.com/RepDavidKustoff/
"LaHood, Darin",https://lahood.house.gov/,https://twitter.com/RepLaHood,https://www.facebook.com/replahood/
"LaLota, Nick",https://lalota.house.gov,https://x.com/replalota,https://www.facebook.com/replalota
"Knott, Brad",https://knott.house.gov/,https://twitter.com/RepKnott,https://www.facebook.com/profile.php?id=61571474013264
"Kim, Young",https://youngkim.house.gov,https://twitter.com/RepYoungKim,https://www.facebook.com/RepYoungKim
"King-Hinds, Kimberlyn",https://king-hinds.house.gov/,https://twitter.com/RepKimKingHinds,https://www.facebook.com/profile.php?id=61571529818077
"Kiggans, Jennifer",https://kiggans.house.gov,https://twitter.com/RepJenKiggans,https://www.facebook.com/repjenkiggans
"Landsman, Greg",https://landsman.house.gov,https://twitter.com/repgreglandsman,https://www.facebook.com/RepGregLandsman
"Larson, John",https://larson.house.gov/,,http://www.facebook.com/RepJohnLarson/
"Larsen, Rick",https://larsen.house.gov,,https://www.facebook.com/RepRickLarsen
"Latimer, George",https://latimer.house.gov/,https://twitter.com/RepGLatimer,https://facebook.com/profile.php?id=61571201977917
"Latta, Robert",https://latta.house.gov/,https://twitter.com/boblatta,https://www.facebook.com/boblatta/
"LaMalfa, Doug",https://lamalfa.house.gov,,
"Lawler, Michael",https://lawler.house.gov,https://twitter.com/RepMikeLawler,https://facebook.com/RepMikeLawler
"Lee, Laurel",https://laurellee.house.gov,https://twitter.com/RepLaurelLee,https://www.facebook.com/RepLaurelLee/
"Lee, Summer",https://summerlee.house.gov,https://twitter.com/RepSummerLee,https://www.facebook.com/RepSummerLee/
"Levin, Mike",https://levin.house.gov/,//twitter.com/RepMikeLevin,https://www.facebook.com/RepMikeLevin
"Langworthy, Nicholas",https://langworthy.house.gov,https://twitter.com/RepLangworthy,https://www.facebook.com/RepLangworthy/
"Leger Fernandez, Teresa",https://fernandez.house.gov,https://x.com/RepTeresaLF,https://www.facebook.com/RepTeresaLF/
"Lee, Susie",https://susielee.house.gov,,http://www.facebook.com/RepSusieLee
"Liccardo, Sam",https://liccardo.house.gov/,https://x.com/repliccardo,//liccardo.house.gov/facebook.com/repliccardo
"Lieu, Ted",https://lieu.house.gov/,,http://www.facebook.com/RepTedLieu
"Letlow, Julia",https://letlow.house.gov,https://twitter.com/repjulialetlow,https://www.facebook.com/repjulialetlow
"Lucas, Frank",https://lucas.house.gov,https://twitter.com/repfranklucas,https://www.facebook.com/RepFrankLucas
"Loudermilk, Barry",https://loudermilk.house.gov,https://x.com/reploudermilk,https://www.facebook.com/RepLoudermilk/
"Lofgren, Zoe",https://lofgren.house.gov/,,https://www.facebook.com/zoelofgren
"Lynch, Stephen",https://lynch.house.gov/,https://twitter.com/RepStephenLynch,https://www.facebook.com/repstephenlynch
"Luttrell, Morgan",https://luttrell.house.gov,https://mobile.twitter.com/RepLuttrell,https://www.facebook.com/profile.php?id=100089328790942
"Luna, Anna Paulina",https://luna.house.gov,https://x.com/RepLuna,
"Mace, Nancy",https://mace.house.gov,https://twitter.com/RepNancyMace,https://www.facebook.com/RepNancyMace
"Malliotakis, Nicole",https://malliotakis.house.gov,https://twitter.com/RepNicole?ref_src=twsrc%5Etfw,https://www.facebook.com/RepNicole
"Magaziner, Seth",https://magaziner.house.gov,https://twitter.com/Rep_Magaziner,https://www.facebook.com/repsethmagaziner
"Mackenzie, Ryan",https://mackenzie.house.gov/,https://twitter.com/RepMackenzie/,https://www.facebook.com/repmackenzie
"Maloy, Celeste",https://maloy.house.gov,https://x.com/RepMaloyUtah,https://www.facebook.com/profile.php?id=61555755717517
"Massie, Thomas",https://massie.house.gov,https://twitter.com/RepThomasMassie,https://www.facebook.com/RepThomasMassie
"Mast, Brian",https://mast.house.gov,https://www.twitter.com/RepBrianMast,https://www.facebook.com/RepBrianMast
"Mann, Tracey",https://mann.house.gov,,https://www.facebook.com/Congressman-Tracey-Mann-105522931489227
"Mannion, John",https://mannion.house.gov/,https://twitter.com/JohnMannionNY22,https://www.facebook.com/CongressmanJohnMannion
"Matsui, Doris",https://matsui.house.gov,https://twitter.com/dorismatsui,https://www.facebook.com/doris.matsui
"McBath, Lucy",https://mcbath.house.gov,https://twitter.com/RepLucyMcBath,https://www.facebook.com/RepLucyMcBath
"McBride, Sarah",https://mcbride.house.gov/,https://www.dropbox.com/scl/fi/ujawxgs2ghwdvfagczoi2/Rep.-Sarah-McBride-Year-One-FINAL-VERSION.pdf?rlkey=5dnwexw24t3d74rbae2y7tx9i&e=2&st=bsyv87se&dl=0,https://www.facebook.com/CongresswomanSarahMcBride/
"McCaul, Michael",https://mccaul.house.gov,https://twitter.com/RepMcCaul,https://www.facebook.com/michaeltmccaul
"McClain Delaney, April",https://mcclaindelaney.house.gov/,https://x.com/RepAprilDelaney,https://www.facebook.com/RepAprilDelaney
"McClain, Lisa",https://mcclain.house.gov,https://twitter.com/RepLisaMcClain,https://www.facebook.com/RepLisaMcClain
"McClellan, Jennifer",https://mcclellan.house.gov/,https://twitter.com/RepMcClellan,https://www.facebook.com/RepMcClellan/
"McCollum, Betty",https://mccollum.house.gov,http://twitter.com/BettyMcCollum04,http://www.facebook.com/repbettymccollum/
"McGarvey, Morgan",https://mcgarvey.house.gov,https://twitter.com/RepMcGarvey,https://www.facebook.com/RepMcGarvey
"McClintock, Tom",https://mcclintock.house.gov/,http://twitter.com/RepMcClintock,http://www.facebook.com/pages/Congressman-Tom-McClintock/81125319109
"McDonald Rivet, Kristen",https://mcdonaldrivet.house.gov/,https://twitter.com/repkmr,https://www.facebook.com/repmcdonaldrivet/
"McCormick, Richard",https://mccormick.house.gov,,https://www.facebook.com/profile.php?id=100089135203690
"McGovern, James",https://mcgovern.house.gov/,https://twitter.com/repmcgovern,https://www.facebook.com/RepJimMcGovern/
"McDowell, Addison",https://mcdowell.house.gov/,https://x.com/caohouse,https://www.facebook.com/RepMcDowell
"McIver, LaMonica",https://mciver.house.gov/,https://twitter.com/RepLaMonica,https://www.facebook.com/RepLaMonica
"McGuire, John",https://mcguire.house.gov/,https://twitter.com/RepJohnMcGuire,https://www.facebook.com/RepJohnMcGuire/
"Menefee, Christian",http://menefee.house.gov/,https://x.com/HouseDemocrats,https://www.facebook.com/HouseDemocrats/
"Meeks, Gregory",https://meeks.house.gov,https://twitter.com/repgregorymeeks,https://www.facebook.com/RepGregoryMeeks/
"Miller, Carol",https://miller.house.gov/,https://twitter.com/RepCarolMiller,https://www.facebook.com/RepCarolMiller
"Messmer, Mark",https://messmer.house.gov/,https://x.com/repmessmer,https://www.facebook.com/CongressmanMessmer
"Meng, Grace",https://meng.house.gov,https://twitter.com/RepGraceMeng,
"Menendez, Robert",https://menendez.house.gov,https://x.com/RepMenendez,https://www.facebook.com/repmenendez
"Meuser, Daniel",https://meuser.house.gov,https://x.com/RepMeuser,https://www.facebook.com/RepMeuser
"Mfume, Kweisi",https://mfume.house.gov/,https://twitter.com/RepKweisiMfume,https://www.facebook.com/RepKweisiMfume/
"Miller, Mary",https://marymiller.house.gov,https://twitter.com/RepMaryMiller,https://www.facebook.com/RepMaryMiller
"Miller, Max",https://maxmiller.house.gov,http://www.twitter.com/repmaxmiller,https://www.facebook.com/CongressmanMaxMiller
"Mills, Cory",https://mills.house.gov,https://twitter.com/RepMillsPress,https://www.facebook.com/profile.php?id=100089218152197
"Miller-Meeks, Mariannette",https://millermeeks.house.gov/,https://x.com/RepMMM,https://www.facebook.com/houserepublicans
"Min, Dave",https://min.house.gov/,https://twitter.com/CongressMin,https://www.facebook.com/thecongressmin
"Moore, Blake",https://blakemoore.house.gov,https://twitter.com/repblakemoore,https://www.facebook.com/RepBlakeMoore/
"Moore, Barry",https://barrymoore.house.gov,https://twitter.com/repbarrymoore,https://www.facebook.com/RepBarryMoore/
"Moolenaar, John",https://moolenaar.house.gov/,,http://www.facebook.com/RepMoolenaar
"Moore, Gwen",https://gwenmoore.house.gov,https://twitter.com/RepGwenMoore,https://www.facebook.com/GwenSMoore
"Moore, Riley",https://rileymoore.house.gov/,https://twitter.com/RepRileyMoore,https://www.facebook.com/HouseRepublicans
"Morelle, Joseph",https://morelle.house.gov,https://twitter.com/RepJoeMorelle,https://www.facebook.com/RepJoeMorelle
"Moore, Tim",https://timmoore.house.gov/,https://twitter.com/RepTimMooreNC,https://www.facebook.com/CongressmanTimMoore/
"Moran, Nathaniel",https://moran.house.gov,https://twitter.com/RepNateMoran,https://facebook.com/RepNateMoran
"Morrison, Kelly",https://morrison.house.gov/,https://twitter.com/kellymorrisonmn,https://www.facebook.com/repkellymorrison/
"Mrvan, Frank",https://mrvan.house.gov,https://twitter.com/RepMrvan,https://www.facebook.com/RepMrvan
"Moulton, Seth",https://moulton.house.gov/,,
"Moskowitz, Jared",https://moskowitz.house.gov,https://twitter.com/RepMoskowitz,https://www.facebook.com/RepMoskowitz
"Moylan, James",https://moylan.house.gov,https://twitter.com/JMoylanforGuam,https://www.facebook.com/profile.php?id=100089324793869&mibextid=LQQJ4d
"Nadler, Jerrold",https://nadler.house.gov,https://twitter.com/RepJerryNadler,https://facebook.com/CongressmanNadler
"Mullin, Kevin",https://kevinmullin.house.gov,https://twitter.com/RepKevinMullin,https://www.facebook.com/CongressmanKevinMullin
"Murphy, Gregory",https://murphy.house.gov,https://x.com/RepGregMurphy,https://facebook.com/RepGregMurphy
"Neal, Richard",https://neal.house.gov/,https://x.com/RepRichardNeal,https://www.facebook.com/reprichardneal
"Neguse, Joe",https://neguse.house.gov/,https://twitter.com/RepJoeNeguse,https://www.facebook.com/RepJoeNeguse/
"Newhouse, Dan",https://newhouse.house.gov,https://twitter.com/RepNewhouse,https://www.facebook.com/RepNewhouse
"Nehls, Troy",https://nehls.house.gov,https://twitter.com/RepTroyNehls,https://www.facebook.com/RepTroyNehls
"Norcross, Donald",https://norcross.house.gov,http://www.twitter.com/donaldnorcross,http://www.facebook.com/DonaldNorcrossNJ
"Norman, Ralph",https://norman.house.gov,https://twitter.com/RepRalphNorman,https://www.facebook.com/RepRalphNorman/
"Nunn, Zachary",https://nunn.house.gov,https://twitter.com/zachnunn,https://www.facebook.com/RepZachNunn/
"Obernolte, Jay",https://obernolte.house.gov,https://twitter.com/JayObernolte,https://www.facebook.com/JayObernolte
"Norton, Eleanor",https://norton.house.gov/,http://twitter.com/eleanornorton,"https://www.facebook.com/CongresswomanNorton>CongresswomanNorton</a></blockquote>
</div>"
"Ogles, Andrew",https://ogles.house.gov,https://twitter.com/repogles,https://www.facebook.com/RepAndyOgles/
"Olszewski, Johnny",https://olszewski.house.gov/,https://twitter.com/RepJohnnyO,
"Omar, Ilhan",https://omar.house.gov/,,
"Ocasio-Cortez, Alexandria",https://ocasio-cortez.house.gov/,,https://www.facebook.com/repaoc
"Owens, Burgess",https://owens.house.gov,https://twitter.com/RepBurgessOwens,https://www.facebook.com/CongressmanBurgessOwens/
"Pallone, Frank",https://pallone.house.gov,http://twitter.com/frankpallone,http://www.facebook.com/repfrankpallone
"Onder, Robert",https://onder.house.gov/,https://twitter.com/RepBobOnder,https://www.facebook.com/RepBobOnder
"Palmer, Gary",https://palmer.house.gov/,https://twitter.com/USRepGaryPalmer,https://www.facebook.com/congressmangarypalmer
"Panetta, Jimmy",https://panetta.house.gov,http://twitter.com/RepJimmyPanetta,http://www.facebook.com/RepJimmyPanetta/
"Pappas, Chris",https://pappas.house.gov,,
"Pelosi, Nancy",https://pelosi.house.gov/,http://twitter.com/speakerpelosi,
"Pettersen, Brittany",https://pettersen.house.gov,https://twitter.com/reppettersen,https://facebook.com/repbrittanypettersen
"Patronis, Jimmy",https://patronis.house.gov/,https://twitter.com/patronisfl,https://www.facebook.com/profile.php?id=61577293801543
"Perez, Marie",https://gluesenkampperez.house.gov,https://twitter.com/repmgp,https://www.facebook.com/RepMGP/
"Peters, Scott",https://scottpeters.house.gov,https://twitter.com/RepScottPeters,https://www.facebook.com/RepScottPeters/
"Plaskett, Stacey",https://plaskett.house.gov/,https://twitter.com/staceyplaskett,https://www.facebook.com/repstaceyplaskett
"Pfluger, August",https://pfluger.house.gov,https://x.com/RepPfluger,https://www.facebook.com/RepAugustPfluger
"Perry, Scott",https://perry.house.gov/,https://twitter.com/repscottperry,https://facebook.com/repscottperry
"Pocan, Mark",https://pocan.house.gov,,
"Pingree, Chellie",https://pingree.house.gov/,https://twitter.com/chelliepingree,https://www.facebook.com/pages/Chellie-Pingree/91529332807
"Pressley, Ayanna",https://pressley.house.gov,https://twitter.com/RepPressley,https://www.facebook.com/RepAyannaPressley
"Quigley, Mike",https://quigley.house.gov/,,
"Reschenthaler, Guy",https://reschenthaler.house.gov/,https://twitter.com/GReschenthaler,https://www.facebook.com/GReschenthaler/
"Pou, Nellie",https://pou.house.gov/,https://twitter.com/RepNellie?ref_src=twsrc%5Etfw,https://www.facebook.com/61575338036913/
"Raskin, Jamie",https://raskin.house.gov,https://twitter.com/RepRaskin,https://www.facebook.com/RepRaskin/
"Riley, Josh",https://riley.house.gov/,https://x.com/RepRileyNY,https://www.facebook.com/RepRileyNY
"Ramirez, Delia",https://ramirez.house.gov,https://twitter.com/repdeliaramirez,https://www.facebook.com/repdeliaramirez/
"Radewagen, Aumua Amata",https://radewagen.house.gov,https://x.com/repamata,https://www.facebook.com/aumuaamata
"Randall, Emily",https://randall.house.gov/,,
"Rivas, Luz",https://rivas.house.gov/,https://twitter.com/RepLuzRivas,https://www.facebook.com/congresswomanluzrivas
"Rogers, Mike",https://mikerogers.house.gov/,https://twitter.com/repmikerogersal,https://www.facebook.com/CongressmanMikeDRogers/
"Rogers, Harold",https://halrogers.house.gov/,https://twitter.com/RepHalRogers,https://www.facebook.com/CongressmanHalRogers/
"Rouzer, David",https://rouzer.house.gov/,https://twitter.com/RepdavidRouzer,https://www.facebook.com/RepRouzer
"Roy, Chip",https://roy.house.gov,,
"Ross, Deborah",https://ross.house.gov,https://twitter.com/RepDeborahRoss,https://www.facebook.com/RepDeborahRoss/
"Rulli, Michael A.",https://rulli.house.gov,https://x.com/repmichaelrulli,https://www.facebook.com/RepMikeRulli/
"Rutherford, John",https://rutherford.house.gov,https://twitter.com/RepRutherfordFL,https://www.facebook.com/RepRutherfordFL
"Ruiz, Raul",https://ruiz.house.gov,,
"Salazar, Maria",https://salazar.house.gov,https://twitter.com/RepMariaSalazar,https://www.facebook.com/RepMariaSalazar/
"Scalise, Steve",https://scalise.house.gov/,http://twitter.com/SteveScalise,
"Ryan, Patrick",https://patryan.house.gov/,,
"Salinas, Andrea",https://salinas.house.gov,,
"Schmidt, Derek",https://schmidt.house.gov/,https://twitter.com/repderekschmidt,https://www.facebook.com/HouseRepublicans
"Sanchez, Linda",https://lindasanchez.house.gov/,hhttp://twitter.com/replindasanchez,http://www.facebook.com/RepLindaSanchez/
"Schneider, Bradley",https://schneider.house.gov,https://twitter.com/RepSchneider,http://www.facebook.com/CongressmanBradSchneider/
"Schakowsky, Janice",https://schakowsky.house.gov,http://twitter.com/janschakowsky,http://www.facebook.com/janschakowsky
"Scanlon, Mary Gay",https://scanlon.house.gov/,https://twitter.com/repmgs,https://www.facebook.com/repmgs
"Scott, Austin",https://austinscott.house.gov/,https://twitter.com/AustinScottGA08,http://www.facebook.com/RepAustinScott/
"Scholten, Hillary",https://scholten.house.gov,https://twitter.com/RepScholten,https://www.facebook.com/profile.php?id=100089476625799&mibextid=LQQJ4d
"Scott, David",https://davidscott.house.gov/,https://twitter.com/RepDavidScott,http://www.facebook.com/pages/Congressman-David-Scott/113303673339
"Schrier, Kim",https://schrier.house.gov,https://twitter.com/RepKimSchrier,http://www.facebook.com/repkimschrier
"Schweikert, David",https://schweikert.house.gov/,https://twitter.com/RepDavid,https://www.facebook.com/repdavidschweikert
"Sessions, Pete",https://sessions.house.gov,https://twitter.com/PeteSessions,https://www.facebook.com/petesessions/
"Sewell, Terri",https://sewell.house.gov/,http://www.twitter.com/RepTerriSewell,http://www.facebook.com/RepSewell
"Scott, Robert",https://bobbyscott.house.gov,https://www.x.com/bobbyscott,https://www.facebook.com/RepBobbyScott
"Self, Keith",https://keithself.house.gov,https://twitter.com/repkeithself,https://www.facebook.com/repkeithself
"Shreve, Jefferson",https://shreve.house.gov/,https://twitter.com/repshreve?s=21&t=YX53DdoGtgHLLyMCBPVX_g,https://www.facebook.com/RepJeffersonShreve
"Simon, Lateefah",https://simon.house.gov/,https://twitter.com/RepLSimon,https://www.facebook.com/RepLSimon
"Smith, Christopher",https://chrissmith.house.gov/,,
"Sherman, Brad",https://sherman.house.gov,https://twitter.com/BradSherman,https://www.facebook.com/CongressmanBradSherman
"Smith, Adam",https://adamsmith.house.gov/,https://twitter.com/RepAdamSmith,https://www.facebook.com/RepAdamSmith
"Sherrill, Mikie",https://clerk.house.gov/members/NJ11/vacancy,,
"Simpson, Michael",https://simpson.house.gov,https://twitter.com/CongMikeSimpson,https://www.facebook.com/Mike-Simpson-96007744606/
"Smith, Jason",https://jasonsmith.house.gov,https://twitter.com/RepJasonSmith,https://www.facebook.com/repjasonsmith
"Smith, Adrian",https://adriansmith.house.gov/,https://x.com/repadriansmith,https://www.facebook.com/gop
"Soto, Darren",https://soto.house.gov,,
"Stanton, Greg",https://stanton.house.gov/,http://twitter.com/repgregstanton,http://www.facebook.com/repgregstanton
"Smucker, Lloyd",https://smucker.house.gov/,,https://www.facebook.com/RepSmucker/
"Stansbury, Melanie",https://stansbury.house.gov/,,
"Sorensen, Eric",https://sorensen.house.gov,https://x.com/RepEricSorensen,https://www.facebook.com/RepEricSorensen/
"Spartz, Victoria",https://spartz.house.gov,https://twitter.com/RepSpartz,https://www.facebook.com/RepSpartz
"Stauber, Pete",https://stauber.house.gov,http://twitter.com/RepPeteStauber,http://www.facebook.com/RepPeteStauber
"Steil, Bryan",https://steil.house.gov,https://twitter.com/repbryansteil,
"Stefanik, Elise",https://stefanik.house.gov/,http://twitter.com/RepStefanik,http://www.facebook.com/RepEliseStefanik
"Rose, John",https://johnrose.house.gov/,https://twitter.com/repjohnrose,https://www.facebook.com/repjohnrose
"Strickland, Marilyn",https://strickland.house.gov,https://twitter.com/RepStricklandWA,https://facebook.com/RepStricklandWA
"Stevens, Haley",https://stevens.house.gov/,,
"Strong, Dale",https://strong.house.gov,https://twitter.com/RepDaleStrong,https://www.facebook.com/repdalestrong
"Steube, W.",https://steube.house.gov/,https://twitter.com/RepGregSteube,https://www.facebook.com/RepGregSteube
"Stutzman, Marlin",https://stutzman.house.gov/,https://twitter.com/RepStutzman?ref_src=twsrc%5Etfw,https://www.facebook.com/repstutzman
"Subramanyam, Suhas",https://subramanyam.house.gov/,https://twitter.com/RepSuhas,https://www.facebook.com/RepSuhasSubramanyam
"Swalwell, Eric",https://swalwell.house.gov,https://twitter.com/repswalwell,https://www.facebook.com/CongressmanEricSwalwell
"Suozzi, Thomas R.",https://suozzi.house.gov,https://twitter.com/reptomsuozzi,https://www.facebook.com/RepTomSuozzi/
"Takano, Mark",https://takano.house.gov,https://twitter.com/RepMarkTakano,https://www.facebook.com/RepMarkTakano
"Sykes, Emilia",https://sykes.house.gov,https://twitter.com/RepEmiliaSykes,https://www.facebook.com/repemiliasykes/
"Tenney, Claudia",https://tenney.house.gov/,https://twitter.com/RepTenney,https://www.facebook.com/RepClaudiaTenney
"Thompson, Glenn",https://thompson.house.gov,https://twitter.com/CongressmanGT,https://www.facebook.com/CongressmanGT/
"Taylor, David",https://taylor.house.gov/,https://twitter.com/RepDaveTaylor,https://www.facebook.com/profile.php?id=61571224837800
"Thanedar, Shri",https://thanedar.house.gov,https://twitter.com/repshrithanedar,https://www.facebook.com/CongressmanShriThanedar
"Thompson, Bennie",https://benniethompson.house.gov/,http://twitter.com/BennieGThompson,http://www.facebook.com/Congressman-Bennie-G-Thompson/
"Timmons, William",https://timmons.house.gov/,https://twitter.com/reptimmons,https://facebook.com/reptimmons
"Thompson, Mike",https://mikethompson.house.gov/,,https://www.facebook.com/gop
"Tokuda, Jill",https://tokuda.house.gov,https://x.com/RepJillTokuda,https://www.facebook.com/RepJillTokuda
"Titus, Dina",https://titus.house.gov/,https://twitter.com/repdinatitus,https://facebook.com/CongresswomanTitus
"Tiffany, Thomas",https://tiffany.house.gov/,http://twitter.com/RepTiffany,http://www.facebook.com/RepTiffany/
"Torres, Norma",https://torres.house.gov/,https://twitter.com/NormaJTorres,https://www.facebook.com/RepNormaTorres
"Tlaib, Rashida",https://tlaib.house.gov/,http://twitter.com/RepRashida,http://www.facebook.com/RepRashida
"Tonko, Paul",https://tonko.house.gov/,https://twitter.com/reppaultonko,https://www.facebook.com/reppaultonko
"Torres, Ritchie",https://ritchietorres.house.gov,https://twitter.com/RepRitchie?ref_src=twsrc%5Etfw,https://www.facebook.com/RepRitchie/
"Turner, Michael",https://turner.house.gov/,http://www.twitter.com/RepMikeTurner,http://www.facebook.com/RepMikeTurner
"Tran, Derek",https://tran.house.gov/,https://twitter.com/RepDerekTranCA,https://www.facebook.com/CongressmanTran
"Trahan, Lori",https://trahan.house.gov,https://www.twitter.com/reploritrahan,https://www.facebook.com/reploritrahan
"Valadao, David",https://valadao.house.gov,https://twitter.com/RepDavidValadao,https://facebook.com/CongressmanDavidValadao
"Van Duyne, Beth",https://vanduyne.house.gov,https://twitter.com/RepBethVanDuyne,https://www.facebook.com/RepBethVanDuyne/
"Van Epps, Matt",https://vanepps.house.gov/,https://x.com/repvanepps,https://www.facebook.com/RepVanEpps
"Underwood, Lauren",https://underwood.house.gov/,http://twitter.com/RepUnderwood,http://www.facebook.com/repunderwood/
"Van Drew, Jefferson",https://vandrew.house.gov,https://twitter.com/Congressman_JVD,https://www.facebook.com/CongressmanJVD/
"Van Orden, Derrick",https://vanorden.house.gov,https://twitter.com/RepVanOrden,https://www.facebook.com/RepVanOrden
"Velazquez, Nydia",https://velazquez.house.gov,https://twitter.com/NydiaVelazquez,
"Vargas, Juan",https://vargas.house.gov,https://twitter.com/RepJuanVargas,https://www.facebook.com/RepJuanVargas
"Vasquez, Gabe",https://vasquez.house.gov,https://twitter.com/RepGabeVasquez,https://www.facebook.com/profile.php?id=100089328694464&mibextid=LQQJ4d
"Veasey, Marc",https://veasey.house.gov,https://twitter.com/RepVeasey,https://www.facebook.com/CongressmanMarcVeasey
"Vindman, Eugene",https://vindman.house.gov/,https://x.com/RepVindman,https://www.facebook.com/CongressmanEugeneVindman/
"Walberg, Tim",https://walberg.house.gov/,https://twitter.com/RepWalberg,http://www.facebook.com/RepWalberg
"Wagner, Ann",https://wagner.house.gov,https://twitter.com/@RepAnnWagner,https://www.facebook.com/RepAnnWagner/
"Walkinshaw, James",https://walkinshaw.house.gov/,https://x.com/Rep_Walkinshaw,https://www.facebook.com/RepJamesWalkinshaw/
"Waters, Maxine",https://waters.house.gov,,
"Wasserman Schultz, Debbie",https://wassermanschultz.house.gov/,https://twitter.com/RepDWStweets,https://www.facebook.com/RepDWS
"Webster, Daniel",https://webster.house.gov/,https://twitter.com/RepWebster,https://www.facebook.com/RepWebster/
"Watson Coleman, Bonnie",https://watsoncoleman.house.gov/,https://twitter.com/RepBonnie,https://www.facebook.com/RepBonnie/
"Westerman, Bruce",https://westerman.house.gov/,http://twitter.com/RepWesterman,http://www.facebook.com/RepWesterman
"Weber, Randy",https://weber.house.gov,https://twitter.com/TXRandy14,https://facebook.com/TXRandy14
"Williams, Nikema",https://nikemawilliams.house.gov,https://twitter.com/repnikema,https://www.facebook.com/RepNikemaWilliams/
"Whitesides, George",https://whitesides.house.gov/,https://x.com/Rep_Whitesides,https://www.facebook.com/RepWhitesides/
"Williams, Roger",https://williams.house.gov,,
"Wied, Tony",https://wied.house.gov/,https://twitter.com/RepTonyWied,https://www.facebook.com/61568624194199
"Wittman, Robert",https://wittman.house.gov/,https://twitter.com/RobWittman,https://www.facebook.com/RepRobWittman
"Wilson, Frederica",https://wilson.house.gov/,https://twitter.com/RepWilson,https://www.facebook.com/RepWilson
"Womack, Steve",https://womack.house.gov/,https://twitter.com/rep_stevewomack,
"Wilson, Joe",https://joewilson.house.gov/,https://twitter.com/repjoewilson,https://www.facebook.com/joewilson
"Zinke, Ryan",https://zinke.house.gov,,https://www.facebook.com/RepresentativeRyanZinke/?_rdr
"Yakym, Rudy",https://yakym.house.gov,https://twitter.com/RepRudyYakym,https://www.facebook.com/RepRudyYakym
